Clusterid,RA,Dec,S_RF,S_colour,Sep_max,Sep_min,Sep_mean,Grade,Grade_by_LR,NUM_OF_IMG,in_GLQ,in_D22,Grade_by_D22,q,phi,rein,NOTE
2451,237.9578991,83.54718997,0.99,0.68,0.544881751,0.544881751,0.544881751,A,C,2,FALSE,TRUE,C,,,,
10178,118.8181055,65.10363995,0.96,0.74,3.561590931,3.561590931,3.561590931,C,A,2,FALSE,FALSE,,,,,
10780,185.1789793,17.0561759,0.95,0.55,2.775792567,2.775792567,2.775792567,C,A,2,FALSE,FALSE,,,,,
11135,341.7934159,-53.6483151,0.96,0.87,1.620296046,1.620296046,1.620296046,B,A,2,FALSE,TRUE,B,,,,
21027,131.2817927,82.86005545,0.9,0.52,1.342122166,1.342122166,1.342122166,C,C,2,FALSE,FALSE,,,,,
22650,146.5225392,81.38909234,0.91,0.79,1.282247837,1.282247837,1.282247837,A,C,2,FALSE,FALSE,,,,,
25056,242.572744,79.9549154,0.98,0.74,0.706551924,0.706551924,0.706551924,A,C,2,FALSE,FALSE,,,,,
26029,204.0230547,79.45214333,0.97,0.69,1.573260721,1.573260721,1.573260721,A,C,2,FALSE,FALSE,,,,,
26330,270.3345337,79.3381511,0.98,0.76,1.764133611,1.764133611,1.764133611,B,A,2,FALSE,FALSE,,,,,
27003,178.0404126,78.92358325,0.89,0.89,1.60759453,1.60759453,1.60759453,C,C,2,FALSE,FALSE,,,,,
28723,126.8468355,78.07857884,0.85,0.81,2.361533688,2.361533688,2.361533688,C,B,2,FALSE,FALSE,,,,,
100255,134.1602775,83.87251204,0.91,0.86,1.324833899,1.324833899,1.324833899,C,C,2,FALSE,FALSE,,,,,
102268,264.7046908,54.18206488,0.98,0.72,4.170155665,4.170155665,4.170155665,B,B,2,FALSE,FALSE,,,,,obvious lens
102763,126.4003336,54.07736921,0.98,0.8,2.699214909,2.699214909,2.699214909,C,B,2,FALSE,FALSE,,,,,
102991,239.8929187,54.03004687,0.91,0.94,4.496643997,4.496643997,4.496643997,C,C,2,FALSE,FALSE,,,,,obvious lens
103826,181.2110956,44.47637909,0.97,0.61,3.08643693,3.08643693,3.08643693,A,B,2,FALSE,TRUE,B,,,,
107815,152.6325921,16.92176765,0.9,0.85,4.623521374,4.623521374,4.623521374,C,C,2,FALSE,FALSE,,,,,obvious lens
107884,221.4884557,16.91241566,0.97,0.88,2.505973564,2.505973564,2.505973564,B,A,2,FALSE,FALSE,,,,,
108188,220.8574477,9.498949756,0.85,0.79,2.456365582,2.456365582,2.456365582,C,C,2,FALSE,FALSE,,,,,
110720,55.79800757,-28.47803087,0.97,0.72,4.607801154,2.19311102,3.400456087,A,A,3,FALSE,FALSE,,,,,
114472,312.1679877,2.06161015,0.94,0.59,2.719867855,2.719867855,2.719867855,A,B,2,FALSE,FALSE,,,,,
212665,120.4239337,76.30782187,0.96,0.53,2.065129184,2.065129184,2.065129184,B,A,2,FALSE,FALSE,,,,,
214395,166.0995169,75.58437869,0.88,0.69,5.407582916,5.407582916,5.407582916,C,C,2,FALSE,FALSE,,,,,obvious lens
214506,108.6166406,75.49753772,0.96,0.77,2.814684403,2.814684403,2.814684403,B,A,2,FALSE,FALSE,,,,,
214612,280.1473723,75.42012608,0.97,0.66,2.173172556,2.173172556,2.173172556,B,B,2,FALSE,FALSE,,,,,
215230,256.0375316,75.1767303,0.98,0.7,1.775207109,1.775207109,1.775207109,A,A,2,FALSE,FALSE,,,,,
215236,183.1185416,75.17213487,0.97,0.74,2.414662867,2.414662867,2.414662867,B,A,2,FALSE,FALSE,,,,,
215516,204.9249436,75.11249848,0.97,0.88,0.566827171,0.566827171,0.566827171,B,C,2,FALSE,FALSE,,,,,
216200,165.0636642,74.77694808,0.88,0.77,1.296033317,1.296033317,1.296033317,C,C,2,FALSE,FALSE,,,,,
217318,113.5519827,74.32537951,0.89,0.92,2.012760034,2.012760034,2.012760034,C,C,2,FALSE,FALSE,,,,,
217439,275.4803618,74.25048492,0.89,0.73,1.621005069,1.621005069,1.621005069,B,A,2,FALSE,FALSE,,,,,
217484,268.5414074,74.2126593,0.9,0.54,1.974051439,1.974051439,1.974051439,C,C,2,FALSE,FALSE,,,,,
217486,106.2978334,74.21124516,0.96,0.74,2.061523667,2.061523667,2.061523667,B,C,2,FALSE,FALSE,,,,,
218157,268.2100974,73.92359026,0.98,0.67,2.440556979,2.440556979,2.440556979,B,A,2,FALSE,TRUE,C,,,,
218465,121.1909783,73.87009708,0.95,0.5,0.79805689,0.062791843,0.48396849,B,C,4,FALSE,FALSE,,,,,4?
219155,268.4845737,73.56468033,0.98,0.58,1.938960677,1.938960677,1.938960677,A,C,2,FALSE,TRUE,A,,,,
219317,207.9215378,73.43236124,0.98,0.52,2.695680004,2.695680004,2.695680004,C,C,2,FALSE,FALSE,,,,,
219322,251.8974332,73.4300596,0.88,0.77,3.029393191,3.029393191,3.029393191,C,C,2,FALSE,FALSE,,,,,
219361,229.2481032,73.40419183,0.98,0.6,2.675783108,2.675783108,2.675783108,B,C,2,FALSE,FALSE,,,,,
219665,246.5872045,73.37263245,0.98,0.83,1.504098076,1.504098076,1.504098076,C,C,2,FALSE,FALSE,,,,,
219986,179.3970686,73.17709715,0.99,0.88,1.643283835,1.643283835,1.643283835,A,C,2,FALSE,FALSE,,,,,
220548,190.047903,72.99691639,0.95,0.58,2.568241845,2.568241845,2.568241845,B,C,2,FALSE,FALSE,,,,,
221046,210.4060786,72.83658688,0.97,0.75,1.954528411,1.954528411,1.954528411,A,A,2,FALSE,TRUE,C,,,,
221126,272.0421493,72.78583569,0.98,0.79,2.270273334,2.270273334,2.270273334,C,B,2,FALSE,FALSE,,,,,
221330,264.124451,72.65262972,0.98,0.62,2.332742913,2.332742913,2.332742913,A,A,2,FALSE,FALSE,,,,,
222395,277.2796195,72.25138905,0.94,0.85,2.147727906,2.147727906,2.147727906,C,B,2,FALSE,FALSE,,,,,
225028,269.8290201,71.37118985,0.94,0.81,0.986610157,0.986610157,0.986610157,A,C,2,FALSE,TRUE,C,,,,
228029,187.7415462,70.33096975,0.95,0.93,2.221686026,2.221686026,2.221686026,B,B,2,FALSE,FALSE,,,,,
229045,167.9841939,69.93919801,0.92,0.92,3.07470781,3.07470781,3.07470781,B,C,2,FALSE,FALSE,,,,,
229113,271.8539393,69.90281412,0.97,0.83,2.124565709,2.124565709,2.124565709,C,B,2,FALSE,FALSE,,,,,
229836,264.3631059,69.6770463,0.95,0.59,2.069343438,2.069343438,2.069343438,C,C,2,FALSE,FALSE,,,,,
231965,251.823319,69.0928038,0.88,0.65,2.214011847,2.214011847,2.214011847,B,C,2,FALSE,FALSE,,,,,
232941,290.8972791,68.82157728,0.86,0.55,1.065200359,1.065200359,1.065200359,A,C,2,FALSE,FALSE,,,,,
232957,113.5140078,68.81113079,0.98,0.83,3.296520286,3.296520286,3.296520286,C,C,2,FALSE,FALSE,,,,,obvious lens
233162,286.0492681,68.71608481,0.9,0.58,2.098964639,2.098964639,2.098964639,B,A,2,FALSE,FALSE,,,,,
235032,269.9853424,68.15613095,0.94,0.62,2.107510893,2.107510893,2.107510893,B,C,2,FALSE,TRUE,C,,,,
235130,174.5376839,68.12714925,0.97,0.71,2.628583519,2.628583519,2.628583519,A,C,2,FALSE,FALSE,,,,,
235409,102.3631125,68.11894562,0.93,0.53,0.867872782,0.867872782,0.867872782,B,C,2,FALSE,FALSE,,,,,
238928,151.2548732,67.0510301,0.85,0.6,2.428130212,2.428130212,2.428130212,C,B,2,FALSE,FALSE,,,,,
241861,194.852167,66.13586434,0.98,0.79,1.648726869,1.648726869,1.648726869,A,A,2,FALSE,FALSE,,,,,
244378,213.0184064,65.48142318,0.87,0.79,3.87400964,3.87400964,3.87400964,C,C,2,FALSE,FALSE,,,,,obvious lens
247213,102.9305141,64.66560645,0.96,0.7,1.926793426,1.926793426,1.926793426,A,A,2,FALSE,FALSE,,,,,
249116,104.07247,64.15257814,0.94,0.87,1.377380089,1.377380089,1.377380089,A,C,2,FALSE,TRUE,A,,,,
250835,119.9694414,63.77049025,0.91,0.57,2.630168636,2.630168636,2.630168636,A,B,2,FALSE,FALSE,,,,,
254021,229.6277263,62.88101884,0.96,0.86,0.770718008,0.770718008,0.770718008,B,C,2,FALSE,FALSE,,,,,
256931,120.0036954,62.21928611,0.94,0.8,1.15353254,1.15353254,1.15353254,A,C,2,FALSE,TRUE,A,,,,
262958,184.2822844,60.81395046,0.98,0.62,1.139335076,1.139335076,1.139335076,A,C,2,FALSE,FALSE,,,,,
264425,296.340275,60.4176376,0.87,0.72,0.814364062,0.814364062,0.814364062,B,C,2,FALSE,FALSE,,,,,
266167,275.3760593,60.09073559,0.93,0.82,1.513311576,1.513311576,1.513311576,A,B,2,FALSE,TRUE,B,,,,
266357,243.2914939,60.01422624,0.96,0.73,1.606193852,1.606193852,1.606193852,A,B,2,FALSE,FALSE,,,,,
271091,269.3616674,58.91336455,0.87,0.87,6.498061494,6.498061494,6.498061494,C,C,2,FALSE,FALSE,,,,,obvious lens
271913,194.0746356,58.7638825,0.98,0.62,1.313473511,1.313473511,1.313473511,A,C,2,FALSE,FALSE,,,,,
272753,144.3831727,58.59059683,0.97,0.81,1.437034629,1.437034629,1.437034629,B,C,2,FALSE,TRUE,A,,,,
285906,167.8616816,55.65385425,0.94,0.75,1.951773194,1.951773194,1.951773194,B,C,2,FALSE,FALSE,,,,,
1003058,218.3948149,81.09223822,0.97,0.59,4.614074607,4.614074607,4.614074607,B,C,2,FALSE,FALSE,,,,,obvious lens
1006023,239.1578029,79.42708867,0.99,0.84,0.927393314,0.927393314,0.927393314,A,C,2,FALSE,TRUE,A,,,,
1006733,115.6437079,79.05241005,0.94,0.77,1.192433448,1.192433448,1.192433448,C,C,2,FALSE,FALSE,,,,,
1008352,258.0268016,78.23837529,0.97,0.75,1.274563304,1.274563304,1.274563304,C,C,2,FALSE,FALSE,,,,,
1008539,134.060743,78.14216585,0.85,0.55,1.2811286,1.2811286,1.2811286,C,C,2,FALSE,FALSE,,,,,4?
1011011,270.6127403,64.84533529,0.91,0.82,5.91210284,5.91210284,5.91210284,C,C,2,FALSE,FALSE,,,,,obvious lens
1014136,171.4818674,64.00611483,0.86,0.68,3.441380067,3.441380067,3.441380067,C,C,2,FALSE,FALSE,,,,,obvious lens
1018981,114.7395778,62.69919888,0.87,0.79,2.352084543,2.352084543,2.352084543,C,C,2,FALSE,FALSE,,,,,
1021236,214.2498342,53.96853175,0.91,0.68,3.449480661,3.449480661,3.449480661,A,C,2,FALSE,FALSE,,,,,visible lens
1021967,278.1233943,53.82038732,0.94,0.82,3.033912677,3.033912677,3.033912677,A,B,2,FALSE,FALSE,,,,,
1025630,137.6477871,53.05832297,0.89,0.93,1.891393096,1.891393096,1.891393096,B,C,2,FALSE,FALSE,,,,,4?
1025799,291.7825072,53.018569,0.9,0.72,1.530195487,1.530195487,1.530195487,C,C,2,FALSE,FALSE,,,,,
1027070,173.5183285,52.75179847,0.97,0.88,2.157137363,2.157137363,2.157137363,B,C,2,FALSE,FALSE,,,,,
1028529,95.47834202,52.46104102,0.93,0.92,1.929726749,1.929726749,1.929726749,A,B,2,FALSE,TRUE,A,,,,
1033171,116.7211893,44.06422023,0.98,0.93,0.540530466,0.540529959,0.540530212,A,A,2,TRUE,FALSE,,,,,
1036560,254.3021804,43.48647051,0.93,0.83,3.095306975,3.095306975,3.095306975,B,C,2,FALSE,FALSE,,,,,4? & obvious lens
1037761,98.0752143,43.27495185,0.97,0.57,2.173216096,2.173216096,2.173216096,B,A,2,FALSE,FALSE,,,,,
1038265,104.2722823,43.1839754,0.97,0.63,5.365814254,5.365814254,5.365814254,C,B,2,FALSE,FALSE,,,,,obvious lens
1041242,247.7621043,36.05225315,0.92,0.67,2.089314768,2.089314768,2.089314768,B,A,2,FALSE,FALSE,,,,,
1042347,121.2732318,35.84708765,0.95,0.68,1.131271962,1.131271962,1.131271962,A,B,2,FALSE,TRUE,A,,,,
1042422,124.6765314,35.83388605,0.95,0.92,2.530746392,2.530746392,2.530746392,C,A,2,FALSE,TRUE,B,,,,
1043970,203.0016791,35.56026562,0.97,0.82,0.657069612,0.657069612,0.657069612,C,C,2,FALSE,TRUE,B,,,,
1043990,136.7641204,35.5553738,0.87,0.62,14.71211985,11.34895939,13.03053962,C,C,3,FALSE,FALSE,,,,,group-scale
1051001,112.294906,31.8409103,0.87,0.7,2.129261433,2.129261433,2.129261433,C,B,2,FALSE,FALSE,,,,,
1051961,275.1365099,31.69670553,0.95,0.69,2.354252526,2.354252526,2.354252526,A,B,2,FALSE,TRUE,C,,,,
1056213,274.4465421,31.05225036,0.86,0.75,5.126291999,5.126291999,5.126291999,C,B,2,FALSE,FALSE,,,,,obvious lens
1057547,245.7177208,30.84416075,0.88,0.73,2.106690415,2.106690415,2.106690415,A,A,2,FALSE,FALSE,,,,,
1062009,210.9295442,24.35320191,0.98,0.78,3.764606146,3.764606146,3.764606146,C,A,2,FALSE,FALSE,,,,,obvious lens
1068058,213.6078891,23.32844518,0.92,0.65,2.420130911,2.420130911,2.420130911,C,C,2,FALSE,FALSE,,,,,
1069849,12.09551379,23.01606838,0.86,0.9,2.930105003,2.930105003,2.930105003,C,C,2,FALSE,FALSE,,,,,
1071234,261.5550113,16.86582073,0.92,0.86,2.125620782,2.125620782,2.125620782,C,A,2,FALSE,FALSE,,,,,
1072087,200.2488913,16.73489924,0.98,0.83,4.287212119,4.287203879,4.287207999,A,B,2,TRUE,FALSE,,,,,
1072118,9.753720402,16.72946225,0.94,0.68,0.896728567,0.896728567,0.896728567,B,B,2,FALSE,FALSE,,,,,
1079793,357.0421006,15.50582533,0.97,0.9,1.142465944,1.142465944,1.142465944,C,C,2,FALSE,TRUE,A,,,,
1086505,187.7461131,8.479096324,0.97,0.72,1.671495161,1.671495161,1.671495161,C,A,2,FALSE,TRUE,B,,,,
1086626,232.220648,8.463187436,0.96,0.76,1.696167662,1.696167662,1.696167662,C,B,2,FALSE,FALSE,,,,,
1087202,179.1929634,8.3711754,0.9,0.67,2.506168359,2.506168359,2.506168359,B,A,2,FALSE,FALSE,,,,,
1087455,331.5018117,8.3290064,0.95,0.67,2.468683832,2.468683832,2.468683832,C,C,2,FALSE,FALSE,,,,,
1088725,250.0430173,8.130038403,0.96,0.62,4.566945728,4.566945728,4.566945728,C,C,2,FALSE,FALSE,,,,,obvious lens
1091729,62.65203845,-6.2136536,0.85,0.51,1.305879846,1.305879846,1.305879846,C,C,2,FALSE,FALSE,,,,,
1093781,61.3330493,-6.62361245,0.92,0.79,2.573644194,2.573644194,2.573644194,C,A,2,FALSE,FALSE,,,,,
1094314,131.2394003,-6.73899285,0.97,0.64,1.769564318,1.769564318,1.769564318,A,C,2,FALSE,FALSE,,,,,
1094693,64.57449785,-6.81723235,0.87,0.63,2.678798319,2.678798319,2.678798319,C,C,2,FALSE,FALSE,,,,,
1094917,139.8113806,-6.860884318,0.96,0.72,1.266014339,1.266014339,1.266014339,C,C,2,FALSE,FALSE,,,,,
1098534,154.4179502,-7.5991048,0.95,0.63,1.927532521,1.927532521,1.927532521,C,C,2,FALSE,FALSE,,,,,
1099205,43.04776514,-7.729205898,0.87,0.77,1.854511108,1.854511108,1.854511108,C,C,2,FALSE,FALSE,,,,,
1103507,62.12001012,-30.95983156,0.93,0.78,1.928716618,1.928716618,1.928716618,C,C,2,FALSE,FALSE,,,,,
1104692,29.014158,-32.06441195,0.95,0.51,4.560447529,4.560447529,4.560447529,C,A,2,FALSE,FALSE,,,,,visible lens
1106990,40.43408772,-34.02817538,0.96,0.67,5.892952447,5.892952447,5.892952447,C,C,2,FALSE,FALSE,,,,,obvious lens
1107211,27.01121425,-34.22490224,0.96,0.5,3.179940791,3.179940791,3.179940791,C,A,2,FALSE,FALSE,,,,,
1107805,13.01943737,-34.69746797,0.97,0.74,1.37417499,1.37417499,1.37417499,C,C,2,FALSE,FALSE,,,,,
1109151,86.50912907,-35.74242723,0.93,0.84,1.710413136,1.710413136,1.710413136,B,A,2,FALSE,TRUE,B,,,,
1111264,93.36875764,-54.32407241,0.98,0.89,1.927413616,1.927413616,1.927413616,A,A,2,FALSE,TRUE,A,,,,
1113665,352.2608151,-55.57718245,0.96,0.81,2.171271782,2.171271782,2.171271782,C,B,2,FALSE,FALSE,,,,,
1113672,316.5268987,-55.58083534,0.94,0.75,1.861459735,1.861459735,1.861459735,C,B,2,FALSE,FALSE,,,,,
1113747,300.1156508,-55.61363437,0.86,0.87,2.215364753,2.215364753,2.215364753,C,A,2,FALSE,FALSE,,,,,
1114406,89.29501845,-55.96891605,0.91,0.73,1.638232782,1.638232782,1.638232782,C,C,2,FALSE,FALSE,,,,,
1114674,64.17821744,-56.10731083,0.98,0.78,1.036475786,1.036475786,1.036475786,A,C,2,FALSE,TRUE,B,,,,
1114846,50.26612649,-56.19472179,0.95,0.59,2.188214686,2.188214686,2.188214686,B,A,2,FALSE,FALSE,,,,,
1115369,352.294204,-56.50577513,0.98,0.5,2.599549583,2.599549583,2.599549583,C,A,2,FALSE,FALSE,,,,,
1115382,331.1235701,-56.50914468,0.98,0.65,2.217155671,2.217155671,2.217155671,C,B,2,FALSE,FALSE,,,,,
1115651,308.2186659,-56.65284019,0.97,0.55,5.469012295,5.469012295,5.469012295,C,C,2,FALSE,FALSE,,,,,obvious lens
1115672,59.31753982,-56.66248444,0.97,0.88,2.710388311,2.710388311,2.710388311,C,A,2,FALSE,FALSE,,,,,
1116804,328.0888318,-57.1994459,0.91,0.76,2.164132805,2.164132805,2.164132805,C,C,2,FALSE,FALSE,,,,,
1117030,93.95320974,-57.31682085,0.92,0.79,2.121131514,2.121131514,2.121131514,C,A,2,FALSE,FALSE,,,,,
1118432,14.30139361,-58.04184897,0.97,0.74,4.728029169,4.728029169,4.728029169,C,C,2,FALSE,FALSE,,,,,visible lens
1119104,38.15776732,-58.35718393,0.97,0.74,0.667046903,0.667046903,0.667046903,A,B,2,FALSE,TRUE,A,,,,
1119127,79.65201668,-58.36294532,0.98,0.89,1.662492185,1.662492185,1.662492185,C,C,2,FALSE,FALSE,,,,,
1127882,39.12244999,-62.78740391,0.98,0.81,1.115240846,1.115240846,1.115240846,C,C,2,FALSE,FALSE,,,,,
1128343,74.80803435,-62.8032713,0.94,0.56,2.563510346,2.563510346,2.563510346,C,C,2,FALSE,FALSE,,,,,
1139679,69.02637125,-64.30945475,0.9,0.75,3.197204399,3.197204399,3.197204399,B,A,2,FALSE,FALSE,,,,,
1141884,194.9519218,1.869779763,0.86,0.68,2.193802847,2.193802847,2.193802847,B,C,2,FALSE,FALSE,,,,,
1143328,19.0169081,1.6347439,0.97,0.54,2.968752698,2.968752698,2.968752698,C,C,2,FALSE,FALSE,,,,,4?
1144499,255.3144698,1.459949702,0.86,0.6,1.973620276,1.973620276,1.973620276,C,C,2,FALSE,FALSE,,,,,
1147980,354.3070107,0.936494071,0.96,0.91,1.328752778,1.328752778,1.328752778,A,A,2,FALSE,TRUE,A,,,,
1148824,65.715329,0.7970405,0.97,0.76,4.783236115,4.783236115,4.783236115,B,A,2,FALSE,TRUE,B,,,,obvious lens
2106768,159.8415441,51.4360319,0.94,0.84,1.68751625,1.68751625,1.68751625,A,B,2,FALSE,TRUE,B,,,,
2106835,290.1593914,51.41949397,0.97,0.61,1.752423358,1.752423358,1.752423358,A,A,2,FALSE,FALSE,,,,,
2107953,108.1479012,51.23811905,0.86,0.52,1.386887807,1.386887807,1.386887807,B,C,2,FALSE,FALSE,,,,,
2111676,191.5570117,50.51361113,0.98,0.9,2.423021031,2.423021031,2.423021031,A,A,2,FALSE,TRUE,C,,,,
2113076,280.7495742,50.20985752,0.88,0.85,1.62764943,1.62764943,1.62764943,B,A,2,FALSE,FALSE,,,,,
2114475,124.01389,49.9103688,0.97,0.65,0.974007792,0.974007792,0.974007792,B,C,2,FALSE,FALSE,,,,,
2114778,199.3884241,49.87557242,0.97,0.69,2.37348503,2.37348503,2.37348503,C,B,2,FALSE,FALSE,,,,,
2118342,144.2486824,49.20084543,0.96,0.54,1.902071066,1.902071066,1.902071066,B,C,2,FALSE,TRUE,C,,,,
2120517,287.1628816,48.82364462,0.97,0.73,1.107041266,1.107041266,1.107041266,A,C,2,FALSE,TRUE,A,,,,
2121855,186.3277798,48.52127159,0.99,0.9,0.901678662,0.901678662,0.901678662,A,C,2,FALSE,TRUE,A,,,,
2122229,282.7464917,48.39889829,0.96,0.71,2.259892719,2.259892719,2.259892719,C,B,2,FALSE,FALSE,,,,,
2123267,109.2628601,48.21018795,0.96,0.74,0.707575516,0.707575516,0.707575516,B,C,2,FALSE,FALSE,,,,,
2123292,99.09296229,48.19960904,0.86,0.87,0.845661169,0.845661169,0.845661169,C,C,2,FALSE,FALSE,,,,,
2123356,115.3158989,48.17818178,0.97,0.78,2.130880856,2.130880856,2.130880856,B,B,2,FALSE,FALSE,,,,,
2124064,165.1537432,48.08969641,0.85,0.76,2.421197357,2.421197357,2.421197357,B,A,2,FALSE,FALSE,,,,,
2125761,110.9364388,47.652829,0.96,0.52,1.584593352,1.584593352,1.584593352,A,C,2,FALSE,TRUE,C,,,,
2127096,213.4624398,47.3782481,0.94,0.56,1.210407952,1.210407952,1.210407952,B,C,2,FALSE,FALSE,,,,,
2128294,193.706955,47.14164309,0.85,0.81,2.023464519,2.023464519,2.023464519,A,B,2,FALSE,FALSE,,,,,
2130671,196.9118979,46.67661414,0.91,0.84,2.509482605,2.509482605,2.509482605,B,C,2,FALSE,FALSE,,,,,
2132954,142.587839,46.23972721,0.98,0.96,1.835719961,1.835719961,1.835719961,A,C,2,FALSE,TRUE,A,,,,
2135717,283.5271507,45.7013381,0.86,0.59,1.708099979,1.708099979,1.708099979,B,C,2,FALSE,FALSE,,,,,
2135813,147.8816925,45.6690034,0.95,0.55,0.869240585,0.869240585,0.869240585,B,C,2,FALSE,FALSE,,,,,
2140721,150.6228356,44.82853835,0.99,0.91,0.728973264,0.728973264,0.728973264,A,C,2,FALSE,TRUE,A,,,,
2140865,189.7640517,44.78361649,0.98,0.82,1.774635085,1.774635085,1.774635085,A,A,2,FALSE,FALSE,,,,,
2143726,104.5473205,44.26505238,0.9,0.62,2.584572199,2.584572199,2.584572199,B,B,2,FALSE,FALSE,,,,,
2144867,151.722864,44.10113921,0.94,0.81,1.619899915,1.619899915,1.619899915,C,A,2,FALSE,TRUE,B,,,,
2146213,153.0242791,43.85015596,0.93,0.89,1.038243205,1.038243205,1.038243205,A,C,2,FALSE,TRUE,A,,,,
2146885,259.7243428,43.65232588,0.94,0.84,2.328513999,2.328513999,2.328513999,B,A,2,FALSE,FALSE,,,,,
2146908,281.3940523,43.64608679,0.94,0.83,1.979871414,1.979871414,1.979871414,A,B,2,FALSE,FALSE,,,,,
2148118,147.6317953,43.48560475,0.98,0.91,0.853077116,0.853077116,0.853077116,A,C,2,FALSE,FALSE,,,,,4?
2149205,160.8539253,43.34699652,0.94,0.67,1.650958202,1.650958202,1.650958202,B,A,2,FALSE,TRUE,B,,,,
2149836,246.2582391,43.1587897,0.97,0.67,0.571660808,0.571660808,0.571660808,A,C,2,FALSE,FALSE,,,,,
2153835,123.0098219,42.45822337,0.97,0.77,1.228006884,1.228006884,1.228006884,C,C,2,FALSE,FALSE,,,,,
2153837,174.0862636,42.45818563,0.98,0.76,2.133807427,2.133807427,2.133807427,B,C,2,FALSE,TRUE,C,,,,
2155883,271.9415691,42.12287155,0.97,0.7,1.663626569,1.663626569,1.663626569,B,B,2,FALSE,FALSE,,,,,
2156360,163.9950762,41.98344986,0.98,0.74,2.487529363,2.487529363,2.487529363,B,C,2,FALSE,FALSE,,,,,
2157572,223.702363,41.77706155,0.96,0.71,1.414367425,1.414367425,1.414367425,A,C,2,FALSE,TRUE,B,,,,
2157715,174.9464938,41.73102064,0.97,0.85,2.40347198,2.40347198,2.40347198,A,A,2,FALSE,TRUE,C,,,,
2158331,172.7931261,41.62478508,0.94,0.87,2.672095912,2.672095912,2.672095912,B,A,2,FALSE,FALSE,,,,,
2161714,162.4351515,40.9850433,0.85,0.73,1.954701739,1.954701739,1.954701739,B,B,2,FALSE,FALSE,,,,,
2165764,130.5153552,40.30908135,0.94,0.73,2.595092378,2.154280301,2.37468634,B,C,3,FALSE,FALSE,,,,,4?
2166003,180.1952697,40.23325329,0.91,0.56,2.050810723,2.050810723,2.050810723,B,C,2,FALSE,FALSE,,,,,4?
2167444,146.5528119,39.98042825,0.89,0.53,0.761365632,0.761365632,0.761365632,A,C,2,FALSE,FALSE,,,,,
2168587,264.9154615,39.78544079,0.95,0.71,2.43518482,2.43518482,2.43518482,A,B,2,FALSE,TRUE,C,,,,
2170030,271.6789333,39.53134103,0.91,0.62,1.782361774,1.782361774,1.782361774,C,B,2,FALSE,FALSE,,,,,
2173131,274.3423653,38.98276268,0.96,0.73,2.406248267,2.406248267,2.406248267,C,C,2,FALSE,FALSE,,,,,
2173588,116.063589,38.87695861,0.96,0.81,2.405177193,2.405177193,2.405177193,A,C,2,FALSE,FALSE,,,,,
2174458,186.2049924,38.79161436,0.98,0.63,3.117840088,3.117840088,3.117840088,B,C,2,FALSE,FALSE,,,,,
2174535,279.0983432,38.76903941,0.94,0.87,2.165854998,2.165854998,2.165854998,A,B,2,FALSE,FALSE,,,,,
2174820,232.261663,38.68420229,0.98,0.81,0.887060148,0.887060148,0.887060148,A,C,2,FALSE,FALSE,,,,,
2176034,234.1952229,38.50986966,0.95,0.65,0.998412458,0.998412458,0.998412458,A,C,2,FALSE,FALSE,,,,,
2176204,244.4703988,38.46058602,0.98,0.83,2.120859385,2.120859385,2.120859385,C,B,2,FALSE,FALSE,,,,,
2176222,99.02538155,38.45472785,0.85,0.77,2.429583602,2.429583602,2.429583602,B,C,2,FALSE,TRUE,A,,,,
2177519,278.3147012,38.30205751,0.96,0.57,2.014935017,2.014935017,2.014935017,C,A,2,FALSE,FALSE,,,,,
2178059,234.455536,38.1345473,0.92,0.65,2.123028736,2.123028736,2.123028736,C,C,2,FALSE,FALSE,,,,,
2178673,181.8936933,38.0979606,0.98,0.68,1.114437177,1.114437177,1.114437177,C,C,2,FALSE,FALSE,,,,,
2178777,197.6605504,38.05926706,0.98,0.85,0.967424924,0.967424924,0.967424924,A,C,2,FALSE,TRUE,A,,,,
2178922,202.530616,38.01216468,0.98,0.96,0.71944437,0.719444361,0.719444366,A,B,2,TRUE,FALSE,,,,,
2180035,280.485648,37.8392971,0.86,0.51,2.587574816,2.587574816,2.587574816,C,C,2,FALSE,FALSE,,,,,
2184708,261.6681108,36.95780454,0.94,0.92,3.157579008,3.157579008,3.157579008,B,B,2,FALSE,FALSE,,,,,obvious lens
2184746,279.0683981,36.94660805,0.91,0.63,2.218877317,2.218877317,2.218877317,B,B,2,FALSE,FALSE,,,,,
2187338,163.6993918,36.57244725,0.93,0.51,3.763848335,3.763848335,3.763848335,B,C,2,FALSE,FALSE,,,,,obvious lens
2188709,125.6562621,36.3611495,0.97,0.82,1.548246128,1.548246128,1.548246128,B,C,2,FALSE,TRUE,C,,,,
2192251,274.9553833,35.70261412,0.98,0.88,0.733113788,0.733113788,0.733113788,A,C,2,FALSE,TRUE,C,,,,
2193526,145.8625238,35.54392094,0.98,0.9,0.822256218,0.822256218,0.822256218,A,C,2,FALSE,TRUE,A,,,,
2193737,184.1918553,35.49488281,0.99,0.93,0.74496465,0.74496453,0.74496459,A,A,2,TRUE,FALSE,,,,,
2195294,250.6544884,35.30170372,0.89,0.86,2.472930563,2.472930563,2.472930563,B,C,2,FALSE,FALSE,,,,,
2195803,252.520606,35.19410447,0.87,0.51,2.016437587,2.016437587,2.016437587,C,B,2,FALSE,FALSE,,,,,
2197502,269.8250275,34.99122132,0.98,0.88,2.293979032,2.293979032,2.293979032,A,A,2,FALSE,TRUE,B,,,,
2200131,110.0403873,34.79439316,0.97,0.53,1.985234429,1.985234429,1.985234429,C,B,2,FALSE,FALSE,,,,,
2201252,167.7540257,34.72166817,0.95,0.79,1.397424222,1.397424222,1.397424222,B,C,2,FALSE,FALSE,,,,,
2205145,161.4976839,34.5658757,0.94,0.91,1.416435037,1.416435037,1.416435037,B,C,2,FALSE,TRUE,B,,,,
2209855,237.8844319,34.38918915,0.98,0.58,1.221305402,1.221305402,1.221305402,A,C,2,FALSE,FALSE,,,,,
2211367,165.5267496,34.36240965,0.96,0.91,1.254266395,1.254266395,1.254266395,A,B,2,FALSE,TRUE,A,,,,
2220782,9.98886535,34.11233965,0.95,0.71,1.145649728,1.145649728,1.145649728,B,C,2,FALSE,FALSE,,,,,
2224419,266.7923329,34.02707641,0.88,0.77,1.16921557,1.16921557,1.16921557,C,C,2,FALSE,FALSE,,,,,
2239260,185.8385361,33.74662889,0.98,0.78,2.235388869,2.235388869,2.235388869,C,B,2,FALSE,FALSE,,,,,
2243668,166.1634543,33.67812563,0.99,0.64,1.921582059,1.921582059,1.921582059,B,C,2,FALSE,FALSE,,,,,
2256173,274.2550041,33.51764902,0.86,0.64,5.300129729,5.300129729,5.300129729,C,C,2,FALSE,FALSE,,,,,obvious lens
2264180,232.3934682,33.4157154,0.97,0.62,2.499497496,2.499497496,2.499497496,C,B,2,FALSE,FALSE,,,,,
2268995,278.0542975,33.3696049,0.87,0.61,2.125777599,2.125777599,2.125777599,B,B,2,FALSE,FALSE,,,,,
2278656,203.5057809,33.25947877,0.98,0.95,0.418892937,0.418892781,0.418892859,A,A,2,TRUE,FALSE,,,,,
2283714,204.4761902,33.20390951,0.93,0.84,1.03381069,1.03381069,1.03381069,B,C,2,FALSE,FALSE,,,,,
2298573,105.2273821,33.04901916,0.92,0.7,1.118152557,1.118152557,1.118152557,B,C,2,FALSE,FALSE,,,,,
2298646,194.1306235,33.04809354,0.96,0.72,0.5087158,0.5087158,0.5087158,C,C,2,FALSE,TRUE,C,,,,
2299409,169.513011,33.04029045,0.98,0.74,2.454967196,2.454967196,2.454967196,B,B,2,FALSE,FALSE,,,,,
2302855,351.423706,33.0035157,0.95,0.5,1.612715927,1.612715927,1.612715927,C,C,2,FALSE,FALSE,,,,,
2329451,155.3721624,32.72216861,0.91,0.85,2.224440548,2.224440548,2.224440548,A,B,2,FALSE,TRUE,B,,,,
2343026,258.5998978,32.58860007,0.97,0.5,2.842197837,2.842197837,2.842197837,C,C,2,FALSE,FALSE,,,,,obvious lens
2343695,111.1999764,32.58039628,0.91,0.64,0.864014594,0.864014594,0.864014594,C,C,2,FALSE,FALSE,,,,,
2355707,227.5997785,32.45956215,0.98,0.62,1.306466927,1.306466927,1.306466927,B,C,2,FALSE,FALSE,,,,,
2362118,234.2544365,32.39077348,0.93,0.91,0.969630563,0.969630563,0.969630563,A,B,2,FALSE,TRUE,A,,,,
2364996,191.1158599,32.36981165,0.95,0.57,2.120012582,2.120012582,2.120012582,C,B,2,FALSE,FALSE,,,,,
2373923,275.1519079,32.27489807,0.86,0.65,1.638033792,1.638033792,1.638033792,C,C,2,FALSE,FALSE,,,,,
2377593,127.747377,32.23386225,0.98,0.75,1.633694386,1.633694386,1.633694386,B,B,2,FALSE,FALSE,,,,,
2398877,353.8438337,32.01927301,0.97,0.55,0.615607174,0.615607174,0.615607174,B,C,2,FALSE,TRUE,A,,,,
2412817,238.4093827,31.82530342,0.99,0.91,0.796786762,0.796786087,0.796786424,A,A,2,TRUE,FALSE,,,,,
2414227,7.2226102,31.6230326,0.89,0.57,1.24298379,1.24298379,1.24298379,B,C,2,FALSE,TRUE,C,,,,
2414590,210.0535406,31.5813196,0.92,0.97,0.872501638,0.872500999,0.872501319,A,A,2,TRUE,FALSE,,,,,
2414635,248.4540731,31.57000331,0.99,0.75,0.330273236,0.330273112,0.330273174,A,B,2,TRUE,FALSE,,,,,
2416574,238.7626755,31.3125247,0.98,0.74,1.636780177,1.636780177,1.636780177,A,C,2,FALSE,TRUE,B,,,,
2417050,262.7191556,31.1944322,0.95,0.56,0.787950535,0.787950535,0.787950535,C,C,2,FALSE,FALSE,,,,,
2419086,126.0765944,30.88100517,0.97,0.89,0.824342658,0.824342658,0.824342658,B,C,2,FALSE,FALSE,,,,,
2420745,151.5763876,30.67665113,0.93,0.77,0.88881064,0.88881064,0.88881064,A,C,2,FALSE,TRUE,C,,,,
2422309,123.7982427,30.50948161,0.91,0.85,2.155523823,2.155523823,2.155523823,C,C,2,FALSE,FALSE,,,,,
2424434,190.3294413,30.21150361,0.97,0.82,2.355138052,2.355138052,2.355138052,C,A,2,FALSE,FALSE,,,,,
2424671,258.8805171,30.15401897,0.91,0.81,2.361591449,2.361591449,2.361591449,C,C,2,FALSE,FALSE,,,,,
2427654,146.6862612,29.82339523,0.96,0.68,1.346165911,1.346165911,1.346165911,A,A,2,FALSE,TRUE,A,,,,
2430101,115.055987,29.44640545,0.96,0.83,2.662665416,2.662665416,2.662665416,A,C,2,FALSE,TRUE,C,,,,
2433802,353.4532906,28.90349252,0.92,0.68,0.778758123,0.778758123,0.778758123,A,C,2,FALSE,TRUE,C,,,,
2434774,253.6139323,28.85087013,0.98,0.63,2.157638437,2.157638437,2.157638437,C,B,2,FALSE,FALSE,,,,,
2435479,270.3687609,28.66602115,0.94,0.77,0.580404478,0.580404478,0.580404478,A,C,2,FALSE,TRUE,C,,,,
2438861,204.1775551,28.21558479,0.98,0.73,2.304781609,2.304781609,2.304781609,C,A,2,FALSE,FALSE,,,,,
2438913,246.8942115,28.20234319,0.97,0.56,2.261249855,2.261249855,2.261249855,C,B,2,FALSE,FALSE,,,,,
2440456,352.2723999,28.00812516,0.94,0.63,1.278575067,1.278575067,1.278575067,A,C,2,FALSE,FALSE,,,,,
2442280,132.0926629,27.76494471,0.89,0.83,1.081289204,1.081289204,1.081289204,B,C,2,FALSE,FALSE,,,,,
2443974,39.87710432,27.57906231,0.94,0.7,1.749660454,1.749660454,1.749660454,C,C,2,FALSE,FALSE,,,,,
2444624,238.55287,27.41810825,0.95,0.84,1.585305007,1.585305007,1.585305007,A,B,2,FALSE,FALSE,,,,,
2444629,342.4152288,27.41856069,0.86,0.74,2.659544774,2.659544774,2.659544774,C,B,2,FALSE,FALSE,,,,,
2446120,330.8859712,27.24549486,0.96,0.56,0.937857409,0.937857409,0.937857409,A,C,2,FALSE,FALSE,,,,,
2446314,194.1656918,27.18190103,0.86,0.61,1.719405361,1.719405361,1.719405361,A,C,2,FALSE,FALSE,,,,,4?
2447360,223.9080992,27.12279334,0.97,0.9,0.946229209,0.946229209,0.946229209,A,C,2,FALSE,TRUE,C,,,,
2448003,113.9582135,26.9754393,0.95,0.63,0.811957935,0.811957935,0.811957935,A,C,2,FALSE,FALSE,,,,,
2448275,204.9419061,26.90547424,0.87,0.86,1.450350328,1.450350328,1.450350328,C,C,2,FALSE,FALSE,,,,,
2449942,327.9579381,26.72355767,0.95,0.89,2.558199875,2.558199875,2.558199875,B,B,2,FALSE,FALSE,,,,,
2451358,147.8440394,26.58723304,0.99,0.91,0.549452408,0.549452126,0.549452267,A,A,2,TRUE,FALSE,,,,,
2452111,165.5868421,26.40797213,0.98,0.89,1.397570129,1.397570129,1.397570129,A,C,2,FALSE,TRUE,C,,,,
2454916,112.115881,26.1172021,0.95,0.89,2.145158841,2.145158841,2.145158841,A,B,2,FALSE,TRUE,C,,,,
2457594,267.2557912,25.65062117,0.93,0.79,2.180747118,2.180747118,2.180747118,B,A,2,FALSE,FALSE,,,,,
2459355,14.53967939,25.4099844,0.97,0.74,0.828988453,0.828988453,0.828988453,A,B,2,FALSE,TRUE,A,,,,
2460417,342.889092,25.36304538,0.87,0.64,1.020970445,1.020970445,1.020970445,C,C,2,FALSE,FALSE,,,,,
2460598,221.1347273,25.31125135,0.97,0.84,2.097781106,2.097781106,2.097781106,C,B,2,FALSE,FALSE,,,,,
2460992,258.3022495,25.20827543,0.94,0.51,1.974240967,1.974240967,1.974240967,C,C,2,FALSE,FALSE,,,,,
2463082,183.5597796,24.89060589,0.96,0.6,2.055281504,2.055281504,2.055281504,C,B,2,FALSE,FALSE,,,,,
2465877,265.6447225,24.59408121,0.91,0.71,2.30027309,2.30027309,2.30027309,B,B,2,FALSE,FALSE,,,,,
2465883,265.8528837,24.5921894,0.96,0.52,2.122622723,2.122622723,2.122622723,B,B,2,FALSE,FALSE,,,,,
2466267,15.40527082,24.49519725,0.98,0.68,2.846646091,2.846646091,2.846646091,C,B,2,FALSE,FALSE,,,,,
2467871,125.9211622,24.30148255,0.99,0.86,0.633327887,0.633327887,0.633327887,A,C,2,FALSE,TRUE,C,,,,
2469703,172.0769885,24.03815362,0.99,0.92,0.388958206,0.38895808,0.388958143,A,A,2,TRUE,FALSE,,,,,
2471775,36.11973969,23.73887409,0.96,0.66,1.328944138,1.328944138,1.328944138,C,C,2,FALSE,FALSE,,,,,
2472064,124.1427414,23.66306073,0.94,0.73,1.993844446,1.993844446,1.993844446,C,A,2,FALSE,FALSE,,,,,
2473668,132.0910415,23.4589658,0.98,0.56,1.524815265,1.524815265,1.524815265,C,B,2,FALSE,FALSE,,,,,
2473725,170.6459781,23.4430641,0.89,0.76,0.71423255,0.71423255,0.71423255,A,C,2,FALSE,TRUE,A,,,,
2474796,227.7174037,23.36884387,0.97,0.79,2.308084354,2.308084354,2.308084354,B,B,2,FALSE,FALSE,,,,,
2474864,7.568545608,23.35367672,0.97,0.66,0.822015957,0.822015957,0.822015957,C,C,2,FALSE,TRUE,C,,,,
2475602,145.6458517,23.17500756,0.96,0.96,2.457047464,2.457047464,2.457047464,A,A,2,FALSE,TRUE,C,,,,
2476640,167.8997085,23.11504855,0.98,0.76,2.965654301,2.965654301,2.965654301,C,B,2,FALSE,FALSE,,,,,
2476708,202.9463466,23.09262767,0.94,0.7,0.833573174,0.833573174,0.833573174,A,C,2,FALSE,FALSE,,,,,
2477262,260.3698983,22.95568412,0.88,0.77,3.276992908,3.276992908,3.276992908,C,A,2,FALSE,FALSE,,,,,
2479324,160.3596839,22.64286651,0.94,0.75,0.884382135,0.884382135,0.884382135,C,C,2,FALSE,FALSE,,,,,
2480221,330.1332486,22.62054164,0.85,0.8,2.604727445,2.604727445,2.604727445,C,C,2,FALSE,FALSE,,,,,
2480264,159.9774768,22.61048696,0.95,0.77,2.829673547,2.829673547,2.829673547,B,B,2,FALSE,FALSE,,,,,
2480284,256.9122793,22.60556325,0.97,0.7,0.531625786,0.531625786,0.531625786,A,C,2,FALSE,FALSE,,,,,
2480289,12.00657724,22.60410829,0.97,0.8,2.283291126,2.283291126,2.283291126,B,B,2,FALSE,TRUE,C,,,,
2480714,325.6652705,22.50301948,0.9,0.86,0.976805057,0.976805057,0.976805057,B,C,2,FALSE,FALSE,,,,,
2481044,192.6941354,22.43231861,0.88,0.85,1.833266668,1.833266668,1.833266668,B,A,2,FALSE,TRUE,C,,,,
2484312,254.7080284,22.03398241,0.95,0.53,2.438463282,2.438463282,2.438463282,C,C,2,FALSE,FALSE,,,,,
2484493,179.0937765,21.98792367,0.93,0.72,2.886312736,2.683802596,2.785057666,A,B,3,FALSE,FALSE,,,,,
2486665,119.0570002,21.64381975,0.92,0.53,1.869721293,1.869721293,1.869721293,B,B,2,FALSE,FALSE,,,,,
2487691,256.0384703,21.592747,0.92,0.78,1.179288954,1.179288954,1.179288954,A,C,2,FALSE,FALSE,,,,,4?
2489710,272.2791675,21.29354365,0.91,0.72,4.23682439,4.23682439,4.23682439,C,B,2,FALSE,FALSE,,,,,obvious lens
2491837,9.316052761,20.97378117,0.98,0.8,1.019513072,1.019513072,1.019513072,A,C,2,FALSE,TRUE,A,,,,
2498881,169.4572172,20.04124234,0.95,0.9,0.740073875,0.740073875,0.740073875,A,C,2,FALSE,FALSE,,,,,
2499259,210.4597433,19.94331472,0.88,0.72,1.078167097,1.078167097,1.078167097,B,C,2,FALSE,FALSE,,,,,
2504710,172.9909418,19.25766513,0.98,0.71,0.700963101,0.700963024,0.700963063,A,B,2,TRUE,FALSE,,,,,
2504735,113.6936541,19.25012152,0.98,0.72,1.20351926,1.20351926,1.20351926,A,C,2,FALSE,TRUE,B,,,,
2505056,172.1057616,19.17872754,0.93,0.81,2.140091924,2.140091924,2.140091924,C,C,2,FALSE,FALSE,,,,,
2506210,20.16003445,19.1133875,0.92,0.54,0.869477715,0.869477715,0.869477715,A,C,2,FALSE,FALSE,,,,,
2506324,242.0343327,19.0871502,0.97,0.67,1.069868438,1.069868438,1.069868438,C,C,2,FALSE,FALSE,,,,,
2507053,139.8837242,18.91387282,0.9,0.79,2.552914181,2.552914181,2.552914181,C,C,2,FALSE,FALSE,,,,,
2508477,264.616876,18.8010248,0.91,0.78,2.254423831,2.254423831,2.254423831,C,A,2,FALSE,FALSE,,,,,
2510690,226.0707517,18.47449534,0.98,0.96,2.643173701,2.643173701,2.643173701,B,B,2,FALSE,FALSE,,,,,
2514580,38.12995768,17.99308724,0.98,0.77,1.532798773,1.532798773,1.532798773,A,B,2,FALSE,TRUE,C,,,,
2517932,155.8453407,17.61418052,0.98,0.77,0.814921197,0.814921197,0.814921197,A,C,2,FALSE,TRUE,A,,,,
2518403,247.7749781,17.4991825,0.98,0.88,2.22742889,2.22742889,2.22742889,C,A,2,FALSE,FALSE,,,,,
2518546,238.1621301,17.46429395,0.94,0.6,0.867727205,0.867727205,0.867727205,B,C,2,FALSE,FALSE,,,,,
2520241,152.0733359,17.25531985,0.89,0.78,2.912060341,2.912060341,2.912060341,C,A,2,FALSE,TRUE,B,,,,
2520705,243.3334194,17.14422026,0.94,0.8,0.753081912,0.753081912,0.753081912,A,B,2,FALSE,TRUE,A,,,,
2521511,190.6760683,17.12212059,0.95,0.78,3.525369855,3.525369855,3.525369855,C,C,2,FALSE,FALSE,,,,,visible lens
2521749,118.8663397,17.09293254,0.98,0.91,2.431288083,2.431288083,2.431288083,B,B,2,FALSE,FALSE,,,,,
2522295,194.5801,16.9549231,0.98,0.95,0.627951493,0.627951307,0.6279514,A,A,2,TRUE,FALSE,,,,,
2523696,5.239581343,16.82688848,0.97,0.74,2.257517915,2.257517915,2.257517915,C,A,2,FALSE,FALSE,,,,,
2525692,255.605552,16.5307876,0.96,0.76,2.510427218,2.510427218,2.510427218,C,A,2,FALSE,FALSE,,,,,
2525819,0.235978059,16.49727735,0.95,0.76,0.836050621,0.836050621,0.836050621,C,C,2,FALSE,FALSE,,,,,
2526398,205.373691,16.37707955,0.92,0.62,1.415974196,1.415974196,1.415974196,B,B,2,FALSE,FALSE,,,,,
2528822,318.9109468,16.12561181,0.98,0.61,0.856385455,0.856385455,0.856385455,B,C,2,FALSE,FALSE,,,,,
2528914,180.0511151,16.12338876,0.98,0.85,0.942882876,0.942882876,0.942882876,A,C,2,FALSE,FALSE,,,,,
2533554,198.4169648,15.46988155,0.95,0.65,0.80467248,0.80467248,0.80467248,B,C,2,FALSE,FALSE,,,,,
2535201,225.8019119,15.29825465,0.97,0.82,1.514808308,1.514808308,1.514808308,C,B,2,FALSE,FALSE,,,,,
2535565,136.0175753,15.21500961,0.99,0.95,0.53311839,0.533118251,0.533118321,A,A,2,TRUE,FALSE,,,,,
2535671,228.9107822,15.19331806,1,0.9,1.004361028,1.004360517,1.004360772,A,A,2,TRUE,FALSE,,,,,
2535790,202.3209884,15.1658554,0.9,0.81,1.594944647,1.594944647,1.594944647,C,B,2,FALSE,FALSE,,,,,
2537346,204.4782144,15.01348341,0.97,0.78,1.446825715,1.446825715,1.446825715,C,B,2,FALSE,TRUE,C,,,,
2537466,200.2482043,14.98786739,0.98,0.63,0.734163672,0.734163672,0.734163672,A,C,2,FALSE,FALSE,,,,,
2537600,352.7379484,14.95320774,0.9,0.58,2.629286323,2.629286323,2.629286323,C,B,2,FALSE,FALSE,,,,,
2538958,218.4625587,14.83524203,0.98,0.9,3.332012144,3.332012144,3.332012144,C,A,2,FALSE,FALSE,,,,,
2539554,201.4979315,14.68622396,0.97,0.84,0.590288205,0.590288205,0.590288205,A,C,2,FALSE,TRUE,B,,,,
2541128,34.15257445,14.51286065,0.95,0.71,0.560097769,0.560097769,0.560097769,A,C,2,FALSE,TRUE,C,,,,
2541372,254.3146059,14.45428005,0.98,0.82,3.163777898,3.163777898,3.163777898,C,B,2,FALSE,FALSE,,,,,
2542974,244.193352,14.26238123,0.97,0.94,0.770269229,0.770269115,0.770269172,A,A,4,TRUE,FALSE,,,,,
2546251,211.4870798,13.84419053,0.98,0.53,1.72378689,1.72378689,1.72378689,C,B,2,FALSE,FALSE,,,,,
2547041,268.0956926,13.6487212,0.87,0.65,5.664375998,5.664375998,5.664375998,C,C,2,FALSE,FALSE,,,,,group-scale
2550705,204.7801587,13.17741254,0.96,0.77,0.851080244,0.851079928,0.851080086,A,C,2,TRUE,FALSE,,,,,
2554167,4.3237067,12.7527494,0.96,0.76,1.077452387,1.077452387,1.077452387,A,C,2,FALSE,FALSE,,,,,
2555737,325.8843484,12.57448803,0.96,0.65,0.765247239,0.765247239,0.765247239,A,C,2,FALSE,TRUE,C,,,,
2556035,153.769742,12.5061507,0.97,0.77,0.678746117,0.678746117,0.678746117,A,C,2,FALSE,FALSE,,,,,
2561083,256.1768892,11.85448284,0.95,0.54,2.375334884,2.375334884,2.375334884,B,A,2,FALSE,FALSE,,,,,
2561734,220.6851705,11.68532603,0.93,0.67,2.336430719,2.336430719,2.336430719,B,A,2,FALSE,FALSE,,,,,
2562892,182.4903848,11.61611335,0.89,0.96,2.816432721,2.816432721,2.816432721,C,A,2,FALSE,TRUE,C,,,,
2566504,317.7873361,11.11174975,0.92,0.74,0.54063192,0.54063192,0.54063192,A,C,2,FALSE,TRUE,C,,,,
2568589,337.973364,10.8160656,0.98,0.66,1.322579059,1.322579059,1.322579059,A,B,2,FALSE,FALSE,,,,,
2568725,31.34083383,10.77909227,0.93,0.85,1.355549454,1.355549454,1.355549454,B,A,2,FALSE,TRUE,B,,,,
2570233,260.2710593,10.61499922,0.94,0.85,1.814274223,1.814274223,1.814274223,C,A,2,FALSE,FALSE,,,,,
2573923,26.37255128,10.08959149,0.98,0.94,1.00380349,1.00380349,1.00380349,C,C,2,FALSE,FALSE,,,,,
2575916,256.6289746,9.803148772,0.95,0.86,3.774781191,3.774781191,3.774781191,C,C,2,FALSE,FALSE,,,,,visible lens
2580001,183.1848902,9.202027705,0.96,0.66,2.020440111,2.020440111,2.020440111,A,A,2,FALSE,TRUE,B,,,,
2580195,211.2385638,9.160033043,0.95,0.73,2.298479105,2.298479105,2.298479105,C,A,2,FALSE,FALSE,,,,,
2580239,118.0859623,9.145076166,0.97,0.82,1.89769588,1.89769588,1.89769588,C,A,2,FALSE,FALSE,,,,,
2581447,205.9846969,9.04323295,0.88,0.59,1.159400846,1.159400846,1.159400846,C,C,2,FALSE,FALSE,,,,,
2581510,335.0503845,9.02577715,0.98,0.53,2.310588994,2.310588994,2.310588994,B,A,2,FALSE,FALSE,,,,,
2582063,311.9414116,8.884350151,0.92,0.54,0.692702371,0.692702371,0.692702371,B,C,2,FALSE,FALSE,,,,,
2583105,350.0641038,8.857847564,0.86,0.85,2.300595559,2.300595559,2.300595559,B,B,2,FALSE,FALSE,,,,,
2587116,23.26956495,8.278897046,0.91,0.9,1.547988069,1.547988069,1.547988069,B,A,2,FALSE,TRUE,A,,,,
2587193,145.1129701,8.262540201,0.92,0.63,1.846142194,1.846142194,1.846142194,A,A,2,FALSE,TRUE,C,,,,
2587254,345.9391239,8.248642332,0.97,0.74,1.721486076,1.721486076,1.721486076,A,A,2,FALSE,TRUE,A,,,,
2590593,242.8201318,7.844631147,0.98,0.66,1.98806827,1.98806827,1.98806827,C,A,2,FALSE,TRUE,B,,,,
2590890,169.570158,7.76614341,0.98,0.75,1.522144222,0.876991763,1.118500653,A,B,2,TRUE,FALSE,,,,,
2592415,125.4304416,7.595976962,0.96,0.86,1.949350406,1.949350406,1.949350406,A,A,2,FALSE,FALSE,,,,,
2593284,143.029652,7.380998129,0.98,0.83,1.327764231,1.327764231,1.327764231,B,B,2,FALSE,TRUE,A,,,,
2596319,180.6180603,7.057171644,0.95,0.92,1.214156475,1.214156475,1.214156475,A,B,2,FALSE,TRUE,A,,,,
2596716,317.1525004,6.958707956,0.94,0.78,2.329665471,2.329665471,2.329665471,C,A,2,FALSE,FALSE,,,,,
2599999,186.051397,6.6040268,0.94,0.58,1.584715571,1.584715571,1.584715571,B,B,2,FALSE,FALSE,,,,,
2600066,308.8703068,6.58918841,0.98,0.62,1.918088122,1.918088122,1.918088122,A,A,2,FALSE,TRUE,C,,,,
2600684,320.9405288,6.4376697,0.88,0.61,1.248062014,1.248062014,1.248062014,A,C,2,FALSE,FALSE,,,,,
2601466,164.8601263,6.374283262,0.99,0.84,0.592084002,0.592084002,0.592084002,A,C,2,FALSE,FALSE,,,,,
2601840,127.2270402,6.367750979,0.99,0.85,2.075116965,2.075116965,2.075116965,B,C,2,FALSE,FALSE,,,,,
2604107,124.6266958,6.02706188,0.98,0.77,0.57371282,0.573712755,0.573712788,A,A,2,TRUE,FALSE,,,,,
2604520,35.44735416,5.919203396,0.95,0.89,0.860950642,0.860950642,0.860950642,A,C,2,FALSE,TRUE,A,,,,
2604577,201.1373438,5.906455352,0.98,0.76,2.073418927,2.073418927,2.073418927,C,B,2,FALSE,TRUE,C,,,,
2604655,119.1313287,5.887818971,0.95,0.9,1.16587338,1.16587338,1.16587338,A,C,2,FALSE,TRUE,A,,,,
2606503,356.2072671,5.65206189,0.97,0.84,2.022084995,2.022084995,2.022084995,C,A,2,FALSE,FALSE,,,,,
2608466,161.9715759,5.385871267,0.92,0.77,2.442256552,2.442256552,2.442256552,C,C,2,FALSE,FALSE,,,,,
2609358,253.1784806,5.36850738,0.96,0.72,1.169749335,1.169749335,1.169749335,C,C,2,FALSE,FALSE,,,,,
2609360,2.00220375,5.3671619,0.94,0.65,1.85447946,1.85447946,1.85447946,B,C,2,FALSE,FALSE,,,,,
2609909,36.40224233,5.224955591,0.92,0.71,2.23307476,2.23307476,2.23307476,C,A,2,FALSE,FALSE,,,,,
2614935,216.8535167,4.622219545,0.96,0.78,0.795496623,0.795496623,0.795496623,A,C,2,FALSE,FALSE,,,,,
2615126,355.8774341,4.599453189,0.99,0.69,1.231398697,1.231398697,1.231398697,A,C,2,FALSE,TRUE,C,,,,
2615155,234.4600496,4.5902532,0.98,0.76,1.844560828,1.844560828,1.844560828,A,B,2,FALSE,TRUE,C,,,,
2619465,20.59920429,3.977168947,0.95,0.82,1.705964337,1.705964337,1.705964337,B,A,2,FALSE,TRUE,B,,,,
2627022,128.4636836,3.020693695,0.96,0.72,1.470184087,1.470184087,1.470184087,A,C,2,FALSE,FALSE,,,,,
2632806,252.1703965,2.318550454,0.87,0.52,2.359669647,2.359669647,2.359669647,A,B,2,FALSE,FALSE,,,,,
2632938,32.15151633,2.281616156,0.94,0.93,1.520974849,1.520974849,1.520974849,C,B,2,FALSE,FALSE,,,,,
2634140,126.4428105,2.124718431,0.96,0.93,0.699507306,0.699507306,0.699507306,A,C,2,FALSE,FALSE,,,,,
2637029,189.8205408,1.781644346,0.94,0.67,1.73772922,1.73772922,1.73772922,A,B,2,FALSE,FALSE,,,,,
2637409,336.6172909,1.69275055,0.86,0.69,2.271934049,2.271934049,2.271934049,C,C,2,FALSE,FALSE,,,,,
2637667,336.8760758,1.6378394,0.98,0.79,1.963149049,1.963149049,1.963149049,B,A,2,FALSE,FALSE,,,,,
2638720,123.3673248,1.60918225,0.97,0.7,2.305416824,2.305416824,2.305416824,B,B,2,FALSE,TRUE,B,,,,
2639624,4.94673505,1.50097475,0.95,0.72,1.111282157,1.111282157,1.111282157,B,C,2,FALSE,FALSE,,,,,
2642309,203.8949512,1.30153658,0.99,0.88,0.811818403,0.811818379,0.811818391,A,A,2,TRUE,FALSE,,,,,
2642864,170.4365876,1.2393143,0.95,0.56,1.580598323,1.580598323,1.580598323,A,B,2,FALSE,FALSE,,,,,
2645455,16.9392671,1.05894675,0.92,0.79,0.552179647,0.552179647,0.552179647,A,C,2,FALSE,FALSE,,,,,
2647999,245.9995638,0.8720725,0.95,0.77,1.833229156,1.833229156,1.833229156,B,B,2,FALSE,FALSE,,,,,
2655107,159.3664934,0.305677543,0.98,0.81,1.245366594,1.245366594,1.245366594,A,B,2,FALSE,TRUE,B,,,,
2665470,217.0117238,-0.533970446,0.96,0.82,2.213735534,2.213735534,2.213735534,C,B,2,FALSE,FALSE,,,,,
2665875,252.8795366,-0.580734858,0.92,0.58,3.928989389,3.928989389,3.928989389,C,C,2,FALSE,FALSE,,,,,visible lens
2668196,319.7476149,-0.727325562,0.96,0.54,2.060262885,2.060262885,2.060262885,C,A,2,FALSE,FALSE,,,,,
2668601,334.4626691,-0.768281942,0.98,0.77,2.437601348,2.437601348,2.437601348,C,B,2,FALSE,FALSE,,,,,
2668769,348.2439266,-0.787810161,0.88,0.6,1.292971364,1.292971364,1.292971364,B,C,2,FALSE,FALSE,,,,,
2668860,326.6918493,-0.795635076,0.93,0.86,0.695786468,0.695786468,0.695786468,B,C,4,TRUE,FALSE,,,,,
2669373,355.7997353,-0.842900252,0.95,0.76,0.659864086,0.659864076,0.659864081,A,B,2,TRUE,FALSE,,,,,
2669429,168.1073733,-0.850345984,0.9,0.62,1.561060121,1.561060121,1.561060121,C,C,2,FALSE,FALSE,,,,,
2670686,136.1438133,-0.891467251,0.97,0.84,2.151483477,2.151483477,2.151483477,C,A,2,FALSE,FALSE,,,,,
2671227,48.84865005,-0.946431351,0.94,0.95,2.550481579,2.550481579,2.550481579,B,A,2,FALSE,TRUE,B,,,,
2671833,216.5315349,-1.010377164,0.92,0.85,1.84002353,1.84002353,1.84002353,B,B,2,FALSE,FALSE,,,,,
2672519,19.55033831,-1.078355151,0.93,0.62,1.73843096,1.73843096,1.73843096,C,C,2,FALSE,TRUE,C,,,,
2672760,145.0222939,-1.104780635,0.87,0.87,2.589545902,2.589545902,2.589545902,C,C,2,FALSE,FALSE,,,,,
2673709,354.1487511,-1.126040571,0.94,0.55,1.690233679,1.690233679,1.690233679,C,C,2,FALSE,FALSE,,,,,
2674272,126.0440468,-1.16962481,0.92,0.79,2.384069363,2.384069363,2.384069363,C,C,2,FALSE,FALSE,,,,,
2675335,141.8553898,-1.281402675,0.97,0.78,2.536043794,2.536043794,2.536043794,C,A,2,FALSE,FALSE,,,,,
2675904,203.5464935,-1.347987654,0.9,0.81,1.09603603,1.09603603,1.09603603,B,C,2,FALSE,TRUE,A,,,,
2677410,326.0080892,-1.4228461,0.94,0.67,2.262195847,2.262195847,2.262195847,B,A,2,FALSE,FALSE,,,,,
2677596,324.1098659,-1.447023959,0.93,0.8,2.552241817,2.552241817,2.552241817,C,B,2,FALSE,FALSE,,,,,
2677744,133.0934948,-1.4631798,0.96,0.65,1.826458318,1.826458318,1.826458318,B,C,2,FALSE,FALSE,,,,,
2680310,133.2241508,-1.81387132,0.98,0.83,3.226718279,3.226718279,3.226718279,B,B,2,FALSE,TRUE,C,,,,
2681399,219.4780695,-1.886562481,0.96,0.74,1.52562337,1.52562337,1.52562337,C,C,2,FALSE,FALSE,,,,,
2681537,36.8138091,-1.9212656,0.94,0.55,1.174711531,1.174711531,1.174711531,B,C,2,FALSE,FALSE,,,,,
2683094,52.42817615,-2.137856707,0.96,0.85,1.324940109,1.324940109,1.324940109,A,B,2,FALSE,TRUE,A,,,,
2683394,196.5965766,-2.218991318,0.94,0.8,2.230270849,2.230270849,2.230270849,B,A,2,FALSE,FALSE,,,,,
2683579,64.25353291,-2.268233564,0.97,0.55,2.011034613,2.011034613,2.011034613,C,B,2,FALSE,FALSE,,,,,
2685102,135.1102751,-2.450195428,0.95,0.83,0.978733156,0.978733156,0.978733156,A,C,2,FALSE,TRUE,B,,,,
2689017,55.9859382,-3.0844575,0.97,0.7,2.096478128,2.096478128,2.096478128,B,B,2,FALSE,FALSE,,,,,
2690477,195.5921039,-3.241488726,0.87,0.64,2.330238054,2.330238054,2.330238054,C,C,2,FALSE,FALSE,,,,,
2696038,315.2173337,-4.0708465,0.91,0.74,2.276734752,2.276734752,2.276734752,B,C,2,FALSE,FALSE,,,,,
2697298,315.2048508,-4.183879477,0.89,0.8,1.671570299,1.671570299,1.671570299,B,A,2,FALSE,FALSE,,,,,
2697966,33.34555003,-4.359536804,0.97,0.58,1.907986198,1.907986198,1.907986198,A,A,2,FALSE,TRUE,C,,,,
2702910,311.8792261,-5.056728594,0.96,0.69,2.614643821,2.614643821,2.614643821,C,C,2,FALSE,FALSE,,,,,
2706206,170.5770886,-5.497640455,0.93,0.73,2.615138612,2.615138612,2.615138612,B,C,2,FALSE,FALSE,,,,,
2707608,143.8464546,-5.643544853,0.97,0.78,1.751798429,1.751798429,1.751798429,A,C,2,FALSE,TRUE,C,,,,
2708383,311.2032863,-5.842234359,0.98,0.7,1.939378334,1.939378334,1.939378334,C,C,2,FALSE,FALSE,,,,,
2708405,341.0472875,-5.847201707,0.99,0.92,1.02075161,1.02075161,1.02075161,A,C,2,FALSE,TRUE,A,,,,
2709707,167.0845836,-5.983365944,0.97,0.87,1.283776236,1.283776236,1.283776236,B,B,2,FALSE,TRUE,C,,,,
2710112,193.0463719,-6.103834904,0.92,0.87,2.463154484,2.463154484,2.463154484,B,C,2,FALSE,FALSE,,,,,
2711660,308.6799229,-6.303941439,0.98,0.55,1.971515438,1.971515438,1.971515438,C,A,2,FALSE,FALSE,,,,,
2713531,45.65294153,-6.604003971,0.98,0.78,1.53227747,1.53227747,1.53227747,C,B,2,FALSE,FALSE,,,,,
2714498,179.5985433,-6.653578495,0.97,0.8,2.074460685,2.074460685,2.074460685,B,A,2,FALSE,FALSE,,,,,
2716372,169.0981677,-6.960803286,0.98,0.92,0.330348471,0.330348446,0.330348459,B,B,4,TRUE,FALSE,,,,,
2716761,37.519068,-7.079515157,0.99,0.89,0.57213032,0.57213032,0.57213032,A,C,2,FALSE,TRUE,A,,,,
2718344,170.0846388,-7.313776669,0.95,0.81,1.757868112,1.757868112,1.757868112,B,B,2,FALSE,TRUE,C,,,,
2718482,128.4730359,-7.351864258,0.97,0.83,1.220989232,1.220989232,1.220989232,A,C,2,FALSE,TRUE,A,,,,
2719850,173.0308529,-7.511947976,0.94,0.88,1.023442047,1.023442047,1.023442047,A,C,2,FALSE,TRUE,A,,,,
2719990,75.37287554,-7.551753132,0.87,0.97,2.698016441,2.698016441,2.698016441,A,C,2,FALSE,FALSE,,,,,
2720110,313.3423933,-7.5856616,0.95,0.61,2.499856165,2.499856165,2.499856165,B,A,2,FALSE,FALSE,,,,,
2721654,202.0008693,-7.80295815,0.91,0.65,1.400566644,1.400566644,1.400566644,A,B,2,FALSE,TRUE,A,,,,
2721727,137.4945795,-7.817864776,0.99,0.87,0.81303854,0.81303854,0.81303854,A,C,2,FALSE,TRUE,B,,,,
2724924,337.5944853,-8.26270215,0.98,0.78,2.582720422,2.582720422,2.582720422,B,C,2,FALSE,FALSE,,,,,
2726818,215.3937678,-8.61611675,0.93,0.52,1.434804956,1.434804956,1.434804956,B,A,2,FALSE,FALSE,,,,,
2728345,315.8707482,-8.847079489,0.99,0.62,0.946811269,0.79594269,0.87137698,A,C,3,FALSE,TRUE,B,,,,
2728404,191.4349593,-8.86444905,0.98,0.88,2.369667669,2.369667669,2.369667669,C,A,2,FALSE,FALSE,,,,,
2729544,311.2627248,-8.969156339,0.95,0.71,1.76810746,1.76810746,1.76810746,C,B,2,FALSE,FALSE,,,,,
2730931,322.7307324,-9.2583826,0.93,0.64,0.872477697,0.872477697,0.872477697,B,C,2,FALSE,FALSE,,,,,
2732441,62.09852459,-9.617863938,0.98,0.79,1.353657749,1.353657749,1.353657749,B,C,2,FALSE,FALSE,,,,,
2735101,21.31730736,-10.2081429,0.94,0.81,1.119811073,1.119811073,1.119811073,A,C,2,FALSE,TRUE,A,,,,
2737003,354.0154859,-10.77774304,0.87,0.58,2.355961596,2.355961596,2.355961596,C,C,2,FALSE,FALSE,,,,,
2738791,343.442389,-11.2601992,0.96,0.73,2.270195326,2.270195326,2.270195326,B,A,2,FALSE,FALSE,,,,,
2739565,331.1671738,-11.43774371,0.97,0.73,1.629955205,1.629955205,1.629955205,A,C,2,FALSE,FALSE,,,,,
2740566,354.899574,-11.74802345,0.92,0.53,0.693082347,0.693082347,0.693082347,B,C,2,FALSE,FALSE,,,,,
2745101,352.4910285,-12.98316334,0.99,0.86,0.628580643,0.628580484,0.628580564,A,B,2,TRUE,FALSE,,,,,
2746811,26.3552529,-13.456616,0.94,0.75,1.686854906,1.686854906,1.686854906,A,C,2,FALSE,FALSE,,,,,
2747586,345.4727646,-13.70823604,0.96,0.8,2.248983929,2.248983929,2.248983929,C,B,2,FALSE,TRUE,C,,,,
2748270,333.8016508,-13.90818971,0.97,0.9,2.305974176,2.305974176,2.305974176,C,A,2,FALSE,TRUE,C,,,,
2749014,329.1531984,-14.15711894,0.91,0.76,2.206407696,2.206407696,2.206407696,C,A,2,FALSE,FALSE,,,,,
2749842,65.6565783,-14.4666071,0.98,0.77,0.981682275,0.981682275,0.981682275,A,C,2,FALSE,TRUE,A,,,,
2751051,65.68216775,-14.89066962,0.95,0.68,1.118123122,1.118123122,1.118123122,A,B,2,FALSE,TRUE,A,,,,
2752566,14.32114648,-15.86527887,0.96,0.86,0.817789952,0.817789952,0.817789952,A,C,2,FALSE,TRUE,B,,,,
2753661,44.92855128,-16.5954638,0.97,0.57,0.673436613,0.673436527,0.67343657,A,A,4,TRUE,FALSE,,,,,
2754340,60.24461753,-17.04194214,0.92,0.76,1.066507757,1.066507757,1.066507757,B,C,2,FALSE,FALSE,,,,,
2755497,38.10654078,-17.63306629,0.98,0.91,0.762209081,0.762209081,0.762209081,A,C,2,FALSE,TRUE,B,,,,
2755533,12.61593101,-17.6692142,1,0.92,0.713878875,0.713878855,0.713878865,A,B,2,TRUE,FALSE,,,,,
2756823,44.36827285,-18.3824621,0.96,0.58,1.745393806,1.745393806,1.745393806,B,A,2,FALSE,FALSE,,,,,
2757770,13.13022922,-18.99224102,0.96,0.92,2.040383334,2.040383334,2.040383334,C,A,2,FALSE,TRUE,B,,,,
2759475,20.77331551,-20.00738198,0.92,0.77,2.408933328,2.408933328,2.408933328,B,A,2,FALSE,FALSE,,,,,
2759862,72.40877331,-20.14922717,0.98,0.88,1.87650468,1.87650468,1.87650468,B,A,2,FALSE,FALSE,,,,,
2759910,13.4346559,-20.20948189,0.98,0.88,1.728987426,0.476179789,1.183627002,A,C,4,TRUE,FALSE,,,,,
2761280,13.69258404,-20.93492001,0.97,0.85,2.055685232,2.055685232,2.055685232,C,A,2,FALSE,FALSE,,,,,
2764390,51.45108467,-22.54086906,0.97,0.84,1.012182674,1.012182674,1.012182674,A,B,2,FALSE,TRUE,B,,,,
2764845,43.57175943,-22.73130666,0.98,0.55,2.321900832,2.321900832,2.321900832,B,A,2,FALSE,TRUE,C,,,,
2766889,35.52176806,-23.69584854,0.94,0.84,2.087486695,2.087486695,2.087486695,A,A,2,FALSE,TRUE,C,,,,
2767231,86.8482159,-23.87460335,0.94,0.8,2.199084466,2.199084466,2.199084466,B,A,2,FALSE,FALSE,,,,,
2767525,70.98002746,-24.0571104,0.94,0.9,1.849038211,1.849038211,1.849038211,B,A,2,FALSE,TRUE,B,,,,
2768031,20.89395447,-24.33430672,0.87,0.8,0.684191481,0.684191481,0.684191481,A,C,2,FALSE,FALSE,,,,,
2768397,75.28777269,-24.47725238,0.95,0.54,1.700686471,1.700686471,1.700686471,C,B,2,FALSE,FALSE,,,,,
2768416,38.06546805,-24.49422384,0.98,0.65,1.438441054,1.438441054,1.438441054,A,C,2,FALSE,TRUE,A,,,,
2768469,81.76070943,-24.53271546,0.96,0.82,1.455453659,1.455453659,1.455453659,A,B,2,FALSE,FALSE,,,,,
2771404,74.90256482,-25.88860551,0.95,0.62,1.978459964,1.978459964,1.978459964,B,A,2,FALSE,FALSE,,,,,
2771411,24.26465941,-25.89454078,0.95,0.88,2.391791475,2.391791475,2.391791475,C,A,2,FALSE,FALSE,,,,,
2771712,11.58385054,-26.12414511,0.94,0.9,1.969724787,1.969724787,1.969724787,B,A,2,FALSE,TRUE,B,,,,
2772438,76.29320299,-26.3949086,0.94,0.75,0.504874409,0.504874409,0.504874409,A,C,2,FALSE,FALSE,,,,,
2772523,33.22952684,-26.47691219,0.98,0.91,2.009631497,2.009631497,2.009631497,C,A,2,FALSE,FALSE,,,,,
2774074,31.80893002,-27.18634483,0.91,0.55,2.152960818,2.152960818,2.152960818,C,B,2,FALSE,FALSE,,,,,
2775241,77.01333429,-27.80527121,0.92,0.84,0.649760308,0.649760308,0.649760308,A,C,2,FALSE,FALSE,,,,,
2775298,29.10394454,-27.85615308,0.93,0.92,1.499107089,1.499107089,1.499107089,A,A,2,FALSE,TRUE,A,,,,
2776871,61.19215403,-28.60816807,0.98,0.9,0.556960951,0.556960951,0.556960951,A,C,2,FALSE,TRUE,B,,,,
2779955,89.39790418,-29.9932379,0.98,0.74,0.809365194,0.809365194,0.809365194,A,C,2,FALSE,TRUE,A,,,,
2782371,19.6680519,-31.26184608,0.97,0.82,1.001019466,1.001019466,1.001019466,A,C,2,FALSE,TRUE,B,,,,
2782696,51.52849267,-31.3816321,0.94,0.9,1.427332741,1.427332741,1.427332741,A,A,2,FALSE,TRUE,B,,,,
2784276,70.12889005,-32.2338487,0.9,0.61,1.015719965,1.015719965,1.015719965,B,C,2,FALSE,FALSE,,,,,
2784818,53.62437081,-32.51643214,0.9,0.91,2.049735327,2.049735327,2.049735327,C,C,2,FALSE,FALSE,,,,,
2786654,78.54543804,-33.43952148,0.99,0.93,0.322877793,0.322877768,0.32287778,A,B,2,TRUE,FALSE,,,,,
2789299,68.49430679,-34.85334249,0.97,0.82,2.216704945,2.216704945,2.216704945,C,A,2,FALSE,FALSE,,,,,
2790533,71.19829737,-35.42722678,0.87,0.86,2.445982369,2.445982369,2.445982369,C,B,2,FALSE,FALSE,,,,,
2790619,17.44283131,-35.49886853,0.98,0.74,0.714074569,0.714074569,0.714074569,B,C,2,FALSE,TRUE,C,,,,
2790728,21.18085213,-35.60250129,0.97,0.9,0.588272542,0.588272542,0.588272542,A,C,2,FALSE,TRUE,B,,,,
2792109,27.40437965,-36.31302024,0.96,0.76,2.146442307,2.146442307,2.146442307,B,C,2,FALSE,FALSE,,,,,
2794456,82.65397524,-37.50308074,0.95,0.69,0.649883149,0.45420883,0.523622093,A,A,2,TRUE,FALSE,,,,,
2797048,32.30466131,-38.69605718,0.92,0.85,1.230782069,1.230782069,1.230782069,A,B,2,FALSE,TRUE,A,,,,
2797182,332.4451534,-38.79368174,0.98,0.76,0.62682836,0.62682836,0.62682836,A,C,2,FALSE,FALSE,,,,,
2799235,81.54696397,-39.56299595,0.97,0.82,1.411958373,1.411958373,1.411958373,A,A,2,FALSE,TRUE,B,,,,
2799575,11.36654936,-39.62623496,0.97,0.85,1.141846094,1.141846094,1.141846094,A,C,2,FALSE,TRUE,B,,,,
2799891,71.36380807,-39.72332537,0.92,0.66,1.24325565,1.24325565,1.24325565,A,B,2,FALSE,TRUE,C,,,,
2801771,332.6628441,-40.32177457,0.98,0.79,1.771166431,1.771166431,1.771166431,C,A,2,FALSE,FALSE,,,,,
2802541,40.81977082,-40.51454219,0.9,0.87,1.986896418,1.986896418,1.986896418,B,C,2,FALSE,FALSE,,,,,
2803459,8.115347699,-40.77110573,0.97,0.72,1.097093001,1.097093001,1.097093001,B,C,2,FALSE,TRUE,A,,,,
2806859,5.096991017,-41.77777822,0.95,0.76,1.49515032,1.49515032,1.49515032,A,C,2,FALSE,TRUE,A,,,,
2807488,345.6308835,-41.9156958,0.96,0.82,1.217596652,1.217596652,1.217596652,A,B,2,FALSE,TRUE,C,,,,
2809209,60.98526663,-42.44387193,0.97,0.9,2.176624096,2.176624096,2.176624096,C,C,2,FALSE,FALSE,,,,,
2810906,5.450129142,-42.9386512,0.9,0.76,1.689328598,1.689328598,1.689328598,B,C,2,FALSE,FALSE,,,,,
2811779,63.90276199,-43.2070604,0.98,0.81,1.82042948,1.82042948,1.82042948,C,B,2,FALSE,FALSE,,,,,
2812547,29.67219813,-43.41779365,0.95,0.84,0.61097375,0.610973252,0.610973501,A,B,2,TRUE,FALSE,,,,,
2812587,306.8009163,-43.43434871,0.91,0.93,2.312686585,2.312686585,2.312686585,B,C,2,FALSE,FALSE,,,,,
2814157,20.0266114,-43.91129704,0.92,0.79,0.874859088,0.874859088,0.874859088,A,B,2,FALSE,FALSE,,,,,
2814165,93.98414674,-43.91603606,0.98,0.64,1.509806966,1.509806966,1.509806966,C,C,2,FALSE,TRUE,C,,,,
2814525,335.9684138,-44.10835485,0.97,0.9,1.133559465,1.133559465,1.133559465,B,C,2,FALSE,TRUE,B,,,,
2816703,351.0707891,-44.7149348,0.97,0.75,2.564268701,2.564268701,2.564268701,C,B,2,FALSE,FALSE,,,,,
2816886,17.73023901,-44.81599807,0.93,0.88,2.909224418,2.909224418,2.909224418,C,A,2,FALSE,FALSE,,,,,
2817490,339.275788,-44.9369084,0.97,0.76,2.001490032,2.001490032,2.001490032,C,A,2,FALSE,FALSE,,,,,
2818381,347.5128762,-45.20779315,0.95,0.79,0.726589639,0.726589639,0.726589639,B,C,2,FALSE,FALSE,,,,,
2819974,358.363538,-45.65194677,0.95,0.85,1.454024047,1.454024047,1.454024047,A,C,2,FALSE,TRUE,C,,,,
2820748,358.7762998,-45.89295886,0.94,0.82,2.199627491,2.199627491,2.199627491,C,A,2,FALSE,TRUE,B,,,,
2821677,57.71456702,-46.18580768,0.98,0.9,1.30349334,1.30349334,1.30349334,A,C,2,FALSE,TRUE,A,,,,
2823624,342.8139497,-46.8392472,0.93,0.65,2.628452691,2.628452691,2.628452691,C,A,2,FALSE,FALSE,,,,,
2825672,67.88268408,-47.38528036,0.93,0.68,2.365101534,2.365101534,2.365101534,B,C,2,FALSE,FALSE,,,,,
2826636,79.64924695,-47.72477045,0.96,0.74,1.379190026,1.379190026,1.379190026,C,C,2,FALSE,FALSE,,,,,
2827550,351.6076908,-48.0968238,0.95,0.55,1.818737256,1.818737256,1.818737256,C,C,2,FALSE,FALSE,,,,,
2828206,96.6588061,-48.28555105,0.98,0.74,1.725207775,1.725207775,1.725207775,B,A,2,FALSE,FALSE,,,,,
2829653,345.8750458,-48.74184618,0.97,0.81,2.251769839,2.251769839,2.251769839,A,C,2,FALSE,TRUE,C,,,,
2833832,61.79262476,-50.10022494,0.99,0.86,0.860363007,0.860362023,0.860362515,A,B,2,TRUE,FALSE,,,,,
2833833,92.760986,-50.10078265,0.96,0.73,1.155856351,1.155856351,1.155856351,C,C,2,FALSE,FALSE,,,,,
2834305,305.1584414,-50.17392405,0.89,0.64,2.688648915,2.688648915,2.688648915,B,C,2,FALSE,FALSE,,,,,4?
2837356,307.0596074,-51.12573622,0.91,0.52,2.427333342,2.427333342,2.427333342,C,C,2,FALSE,FALSE,,,,,
2840079,301.837112,-51.92044848,0.92,0.91,2.081660135,2.081660135,2.081660135,C,B,2,FALSE,FALSE,,,,,
2840324,333.9167817,-52.06764569,0.99,0.96,2.737389461,2.737389461,2.737389461,A,C,2,FALSE,FALSE,,,,,
2841088,359.6381862,-52.27908026,0.94,0.66,2.29108399,2.29108399,2.29108399,A,C,2,FALSE,TRUE,A,,,,
2841705,311.4078205,-52.44412225,0.94,0.89,2.055861443,2.055861443,2.055861443,C,C,2,FALSE,FALSE,,,,,
2844983,79.79046061,-53.48793573,0.92,0.9,2.253784264,2.253784264,2.253784264,A,A,2,FALSE,TRUE,B,,,,
2846525,327.5385742,-53.99610152,0.96,0.83,2.461436583,2.461436583,2.461436583,C,A,2,FALSE,TRUE,C,,,,
2846634,16.06904872,-54.05919547,0.98,0.6,1.599384596,1.599384596,1.599384596,A,A,2,FALSE,FALSE,,,,,
2851001,343.8391392,-55.48948758,0.87,0.8,1.637923854,1.637923854,1.637923854,B,C,2,FALSE,FALSE,,,,,
2852575,49.42912426,-56.08190796,0.97,0.64,0.529872115,0.529872115,0.529872115,A,C,2,FALSE,FALSE,,,,,
2853651,341.9170332,-56.37675025,0.94,0.69,2.084726309,2.084726309,2.084726309,C,C,2,FALSE,FALSE,,,,,
2853783,58.80399402,-56.41482751,0.96,0.85,1.290446494,1.290446494,1.290446494,A,A,2,FALSE,TRUE,C,,,,
2854410,2.48883575,-56.6379685,0.97,0.8,1.155389611,1.155389611,1.155389611,A,A,2,FALSE,FALSE,,,,,
2855413,65.59158351,-57.04973958,0.95,0.92,2.050906767,2.050906767,2.050906767,B,A,2,FALSE,FALSE,,,,,
2855451,67.99408584,-57.07619117,0.97,0.83,0.916412771,0.916412771,0.916412771,A,B,2,FALSE,TRUE,A,,,,
2858250,16.14077204,-57.91297838,0.98,0.74,2.371717198,2.371717198,2.371717198,B,B,2,FALSE,FALSE,,,,,
2858446,81.14043464,-58.03769293,0.98,0.81,1.886746942,1.886746942,1.886746942,C,B,2,FALSE,FALSE,,,,,
2858454,97.98538473,-58.04307907,0.85,0.6,2.650215944,2.650215944,2.650215944,C,C,2,FALSE,FALSE,,,,,
2860577,306.3524901,-58.71541412,0.95,0.78,1.864875179,1.864875179,1.864875179,A,A,2,FALSE,FALSE,,,,,
2863898,303.6440752,-59.73951461,0.96,0.74,1.274832233,1.274832233,1.274832233,B,B,2,FALSE,FALSE,,,,,
2867901,16.65981135,-60.87197325,0.97,0.64,1.980976697,1.980976697,1.980976697,B,A,2,FALSE,FALSE,,,,,
2869853,85.00647291,-61.29700456,0.93,0.72,1.229303223,1.229303223,1.229303223,A,A,2,FALSE,FALSE,,,,,
2869872,66.1162439,-61.3046119,0.97,0.66,1.673493213,1.673493213,1.673493213,C,B,2,FALSE,FALSE,,,,,
2871450,81.82798319,-61.61531369,0.98,0.75,1.93473159,1.93473159,1.93473159,B,A,2,FALSE,FALSE,,,,,
2871553,82.90195826,-61.62121487,0.85,0.73,2.131112724,2.131112724,2.131112724,C,A,2,FALSE,FALSE,,,,,
2874151,82.74005575,-61.99477619,0.96,0.7,3.397305946,3.397305946,3.397305946,C,A,2,FALSE,FALSE,,,,,
2874506,67.3858196,-62.0709467,0.98,0.59,1.123433355,1.123433355,1.123433355,B,B,2,FALSE,FALSE,,,,,
2875316,80.95775143,-62.12829972,0.87,0.62,2.007360677,2.007360677,2.007360677,C,A,2,FALSE,FALSE,,,,,
2875710,76.83393,-62.19364258,0.97,0.63,4.676154836,4.676154836,4.676154836,C,B,2,FALSE,FALSE,,,,,visible lens
2876204,317.0739538,-62.29952904,0.88,0.75,1.346906754,1.346906754,1.346906754,A,C,2,FALSE,TRUE,A,,,,
2877380,5.9183289,-62.4326627,0.85,0.72,0.555808615,0.555808615,0.555808615,B,C,2,FALSE,FALSE,,,,,
2878033,74.51063804,-62.57649118,0.89,0.82,4.095731375,4.095731375,4.095731375,C,C,2,FALSE,FALSE,,,,,visible lens
2878879,79.5397733,-62.6382713,0.97,0.79,1.856873825,1.856873825,1.856873825,C,B,2,FALSE,FALSE,,,,,
2878951,71.34428267,-62.65756349,0.97,0.6,2.067234635,2.067234635,2.067234635,B,A,2,FALSE,FALSE,,,,,
2879593,44.8086398,-62.79728003,0.94,0.76,1.311174931,1.311174931,1.311174931,B,B,2,FALSE,FALSE,,,,,
2879725,73.69175102,-62.82612839,0.98,0.68,1.506756418,1.506756418,1.506756418,C,C,2,FALSE,FALSE,,,,,
2880679,62.93365584,-62.93894679,0.98,0.54,1.675116061,1.675116061,1.675116061,B,B,2,FALSE,FALSE,,,,,
2883880,348.3090935,-63.48285743,0.94,0.63,1.250616919,1.250616919,1.250616919,B,B,2,FALSE,TRUE,C,,,,
2884228,21.00904804,-63.57879071,0.94,0.83,0.867746741,0.867746741,0.867746741,A,B,2,FALSE,TRUE,B,,,,
2884908,74.15433611,-63.63603861,0.91,0.54,3.35717662,3.35717662,3.35717662,B,C,2,FALSE,FALSE,,,,,obvious lens
2885185,73.92243252,-63.71441238,0.9,0.77,3.748206238,3.748206238,3.748206238,C,C,2,FALSE,FALSE,,,,,obvious lens
2885462,340.5278401,-63.79064082,0.9,0.59,1.120567682,1.120567682,1.120567682,A,C,2,FALSE,FALSE,,,,,
2885483,74.91140675,-63.79670805,0.98,0.66,2.06412511,2.06412511,2.06412511,C,A,2,FALSE,FALSE,,,,,
2885583,41.97832412,-63.82337825,0.97,0.65,0.744075802,0.744073817,0.744074809,A,B,2,TRUE,FALSE,,,,,
2886856,42.5785899,-64.10061246,0.97,0.75,1.665024041,1.665024041,1.665024041,A,A,2,FALSE,TRUE,B,,,,
2888069,73.3296173,-64.35970855,0.92,0.72,2.002167109,2.002167109,2.002167109,B,A,2,FALSE,FALSE,,,,,
2889187,346.0424329,-64.57312285,0.98,0.78,2.190527886,2.190527886,2.190527886,C,B,2,FALSE,FALSE,,,,,
2890828,66.74848554,-64.90079875,0.98,0.55,1.932941243,1.932941243,1.932941243,C,B,2,FALSE,FALSE,,,,,
2891267,69.09365889,-65.11372421,0.98,0.59,2.365522205,2.365522205,2.365522205,B,B,2,FALSE,FALSE,,,,,
2891947,45.57848734,-65.29908263,0.94,0.88,2.211408105,2.211408105,2.211408105,B,C,2,FALSE,FALSE,,,,,obvious lens
2892237,359.456026,-65.37337849,0.87,0.89,2.094658086,2.094658086,2.094658086,B,C,2,FALSE,FALSE,,,,,
2893107,312.3407636,-65.62363922,0.94,0.67,2.172352326,2.172352326,2.172352326,A,C,2,FALSE,FALSE,,,,,
2893541,11.90576429,-65.71559007,0.9,0.73,0.724607226,0.724607226,0.724607226,A,C,2,FALSE,FALSE,,,,,
10013068,258.0046918,76.09474378,0.98,0.61,2.636923854,2.636923854,2.636923854,B,C,2,FALSE,FALSE,,,,,4? & obvious lens
10022105,272.1755196,72.44852278,0.97,0.8,3.357366863,3.357366863,3.357366863,C,A,2,FALSE,FALSE,,,,,
10022985,194.9205727,72.16769611,0.92,0.69,2.414887982,2.414887982,2.414887982,C,C,2,FALSE,FALSE,,,,,
10027286,279.8635774,70.75061188,0.95,0.82,2.698081717,2.698081717,2.698081717,C,C,2,FALSE,FALSE,,,,,
10029159,205.1606331,70.09930232,0.89,0.63,1.862131169,1.862131169,1.862131169,B,C,2,FALSE,FALSE,,,,,
10030948,254.1037637,69.56535755,0.94,0.61,2.44886457,2.44886457,2.44886457,B,A,2,FALSE,FALSE,,,,,
10031235,277.417632,69.4851882,0.98,0.85,1.693258397,1.693258397,1.693258397,B,C,2,FALSE,FALSE,,,,,
10034687,188.9793572,68.60722832,0.97,0.61,2.912027966,2.912027966,2.912027966,A,C,2,FALSE,FALSE,,,,,
10036515,100.970757,68.082427,0.98,0.7,1.602306768,1.602306768,1.602306768,C,A,2,FALSE,FALSE,,,,,
10037497,215.0189568,67.77607613,0.96,0.94,3.724287171,3.724287171,3.724287171,C,C,2,FALSE,FALSE,,,,,
10037700,187.4441283,67.71476366,0.94,0.72,1.406330701,1.406330701,1.406330701,A,B,2,FALSE,TRUE,A,,,,
10038993,288.7223998,67.34129276,0.88,0.54,4.555136616,4.555136616,4.555136616,B,C,2,FALSE,FALSE,,,,,obvious lens
10040348,272.2275053,66.97205423,0.86,0.71,1.929943632,1.929943632,1.929943632,A,B,2,FALSE,FALSE,,,,,
10040521,269.4180077,66.90891576,0.98,0.85,2.402590815,2.402590815,2.402590815,C,A,2,FALSE,FALSE,,,,,
10040910,265.3130833,66.7883795,0.96,0.64,2.299738975,2.299738975,2.299738975,B,C,2,FALSE,FALSE,,,,,
10045563,270.8176913,65.43058375,0.85,0.63,5.284870028,5.284870028,5.284870028,C,C,2,FALSE,FALSE,,,,,two lens?
10045794,225.4790186,65.3688176,0.98,0.75,0.920900147,0.920900147,0.920900147,C,C,2,FALSE,FALSE,,,,,
10046488,262.7741431,65.1663783,0.94,0.86,4.46200312,4.46200312,4.46200312,C,B,2,FALSE,FALSE,,,,,obvious lens
10113475,207.5793134,61.54897814,0.96,0.77,1.952354264,1.952354264,1.952354264,B,B,2,FALSE,FALSE,,,,,
10113813,138.5928378,61.468738,0.85,0.78,2.167293511,2.167293511,2.167293511,B,A,2,FALSE,FALSE,,,,,
10118939,204.3045848,60.20224773,0.97,0.82,3.114449408,3.114449408,3.114449408,B,B,2,FALSE,FALSE,,,,,
10119139,292.2538337,60.15701391,0.95,0.9,1.755396268,1.755396268,1.755396268,A,A,2,FALSE,TRUE,A,,,,
10119354,218.3449974,60.12142438,0.93,0.95,1.876922383,1.876922383,1.876922383,A,B,2,TRUE,FALSE,,,,,
10119490,219.5245546,60.09499004,0.92,0.82,1.475873859,1.475873859,1.475873859,C,B,2,FALSE,FALSE,,,,,
10122202,288.8077494,59.44070254,0.94,0.82,1.962477209,1.962477209,1.962477209,A,A,2,FALSE,FALSE,,,,,
10123018,202.8993709,59.26556101,0.92,0.93,2.309532363,2.309532363,2.309532363,C,B,2,FALSE,FALSE,,,,,
10124232,274.1341042,58.97560666,0.94,0.62,1.631210896,1.631210896,1.631210896,B,A,2,FALSE,FALSE,,,,,
10126246,237.4180603,58.5132859,0.97,0.68,4.187694874,4.187694874,4.187694874,C,B,2,FALSE,FALSE,,,,,obvious lens
10128872,136.5049561,57.89898688,0.97,0.92,2.333367579,2.333367579,2.333367579,C,A,2,FALSE,FALSE,,,,,
10132291,138.3723085,57.11501627,0.93,0.58,4.726842662,4.726842662,4.726842662,C,C,2,FALSE,FALSE,,,,,obvious lens
10132647,96.49456933,57.03609431,0.95,0.7,2.231013278,2.231013278,2.231013278,B,C,2,FALSE,FALSE,,,,,
10136216,100.6529904,56.28639535,0.96,0.77,0.885565548,0.885565548,0.885565548,A,C,2,FALSE,TRUE,A,,,,
10137282,200.6859265,56.05081308,0.96,0.5,1.991305153,1.991305153,1.991305153,C,C,2,FALSE,FALSE,,,,,
10137471,110.9315587,56.0123669,0.88,0.74,2.057296998,2.057296998,2.057296998,C,A,2,FALSE,FALSE,,,,,
10143011,240.811775,54.81797369,0.98,0.61,2.238558408,2.238558408,2.238558408,C,B,2,FALSE,FALSE,,,,,
10144254,173.9133285,54.54601518,0.88,0.89,4.012034293,4.012034293,4.012034293,B,C,2,FALSE,FALSE,,,,,
10210876,98.04986567,51.97207336,0.87,0.69,1.187144968,1.187144968,1.187144968,B,C,2,FALSE,FALSE,,,,,4?
10212157,124.342816,51.73436,0.9,0.76,1.287876254,1.287876254,1.287876254,C,C,2,FALSE,FALSE,,,,,
10213284,108.1771226,51.53255068,0.91,0.68,3.65183737,3.65183737,3.65183737,C,C,2,FALSE,FALSE,,,,,4? & obvious lens
10218186,275.2599355,50.53645119,0.92,0.89,2.039705711,2.039705711,2.039705711,A,C,2,FALSE,FALSE,,,,,
10218537,150.3692072,50.46580036,0.99,0.85,1.463682539,1.46367775,1.463680145,B,A,2,TRUE,FALSE,,,,,
10219070,278.8631993,50.35996527,0.9,0.74,1.034971014,1.034971014,1.034971014,B,B,2,FALSE,TRUE,A,,,,
10219127,281.0183701,50.34666915,0.85,0.86,3.506076942,3.506076942,3.506076942,C,C,2,FALSE,FALSE,,,,,obvious lens
10220570,163.3336948,50.02966603,0.98,0.78,2.091640358,2.091640358,2.091640358,C,A,2,FALSE,FALSE,,,,,
10226101,270.2290931,48.90760728,0.97,0.81,2.575370381,2.575370381,2.575370381,B,C,2,FALSE,FALSE,,,,,
10227010,146.7492028,48.72511546,0.95,0.67,1.112256715,1.112256715,1.112256715,C,C,2,FALSE,FALSE,,,,,
10227126,129.2062822,48.69780088,0.99,0.6,4.075474318,4.075474318,4.075474318,B,B,2,FALSE,TRUE,C,,,,
10227145,96.4342466,48.69305345,0.91,0.51,2.192708969,2.192708969,2.192708969,C,A,2,FALSE,FALSE,,,,,
10228328,114.2861713,48.43085034,0.98,0.63,0.753179042,0.753178659,0.753178851,A,B,2,TRUE,FALSE,,,,,
10228771,266.6574183,48.33990751,0.91,0.71,2.253846788,2.253846788,2.253846788,C,C,2,FALSE,FALSE,,,,,
10232041,104.3478125,47.62182307,0.95,0.62,3.720389671,3.720389671,3.720389671,B,C,2,FALSE,FALSE,,,,,
10232318,130.7395984,47.5621148,0.96,0.74,3.370593178,3.370593178,3.370593178,C,A,2,FALSE,TRUE,C,,,,
10243849,264.5902947,45.20048986,0.85,0.59,2.972198776,2.972198776,2.972198776,B,B,2,FALSE,FALSE,,,,,obvious lens
10244167,258.5638554,45.13334116,0.96,0.82,3.124920647,3.124920647,3.124920647,B,B,2,FALSE,FALSE,,,,,
10310177,252.6810233,42.86371533,0.98,0.62,3.614210294,3.614201967,3.614206131,A,A,2,TRUE,FALSE,,,,,
10312547,285.1937877,42.41346995,0.89,0.65,3.131060408,3.131060408,3.131060408,B,C,2,FALSE,FALSE,,,,,obvious lens
10312594,112.4771645,42.40427835,0.92,0.59,0.850242663,0.850242663,0.850242663,A,B,2,FALSE,FALSE,,,,,
10313900,242.6545434,42.13502162,0.98,0.79,2.311516871,2.311516871,2.311516871,C,A,2,FALSE,FALSE,,,,,
10314847,162.612871,41.94978953,0.95,0.84,3.624666793,3.624666793,3.624666793,C,A,2,FALSE,FALSE,,,,,
10318452,210.8556389,41.24654368,0.97,0.75,4.825374465,4.825374465,4.825374465,C,C,2,FALSE,FALSE,,,,,obvious lens
10318609,151.1450314,41.21089793,0.98,0.96,1.884272269,1.884270549,1.884271409,A,B,2,TRUE,FALSE,,,,,
10318630,155.5610596,41.20663124,0.93,0.89,2.208350365,2.208350365,2.208350365,C,C,2,FALSE,FALSE,,,,,
10319335,266.3289089,41.07820644,0.97,0.8,2.724011524,2.724011524,2.724011524,C,A,2,FALSE,FALSE,,,,,
10324212,126.1170382,40.21004718,0.93,0.85,2.590281862,2.590281862,2.590281862,C,C,2,FALSE,FALSE,,,,,
10324488,254.7669629,40.1574642,0.98,0.82,2.392326571,2.392326571,2.392326571,B,B,2,FALSE,FALSE,,,,,
10326093,200.3385703,39.85074422,0.96,0.65,2.248492762,2.248492762,2.248492762,B,A,2,FALSE,FALSE,,,,,
10328803,280.7854389,39.36897794,0.91,0.68,2.653819348,2.653819348,2.653819348,B,A,2,FALSE,FALSE,,,,,
10330086,271.4014423,39.12952641,0.96,0.61,3.393014196,3.393014196,3.393014196,B,C,2,FALSE,FALSE,,,,,
10330386,109.4551659,39.08204267,0.93,0.7,2.023326527,2.023326527,2.023326527,B,C,2,FALSE,FALSE,,,,,
10335253,273.9121513,38.27298897,0.91,0.61,0.83487245,0.83487245,0.83487245,C,C,2,FALSE,FALSE,,,,,
10336254,104.7875783,38.07545518,0.92,0.7,1.996296603,1.996296603,1.996296603,C,C,2,FALSE,FALSE,,,,,
10337930,197.6563642,37.760611,0.98,0.64,4.12796227,4.12796227,4.12796227,B,C,2,FALSE,FALSE,,,,,obvious lens
10337995,265.7761055,37.74676719,0.95,0.88,5.444100139,5.444100139,5.444100139,C,B,2,FALSE,FALSE,,,,,obvious lens
10338076,273.0026681,37.73056439,0.96,0.79,3.343652696,3.343652696,3.343652696,B,C,2,FALSE,FALSE,,,,,
10338485,189.1316719,37.65223518,0.96,0.76,2.972703853,2.972703853,2.972703853,B,A,2,FALSE,FALSE,,,,,
10339067,148.7285921,37.57219237,0.99,0.9,3.152341424,3.152341424,3.152341424,B,C,2,FALSE,TRUE,B,,,,
10341153,107.795816,37.19920582,0.86,0.84,2.670224465,2.670224465,2.670224465,B,A,2,FALSE,FALSE,,,,,
10343393,234.1308956,36.81972249,0.98,0.93,2.533844429,2.533844429,2.533844429,B,A,2,FALSE,FALSE,,,,,
10344188,165.8405451,36.67944995,0.97,0.78,2.469605254,2.469605254,2.469605254,C,A,2,FALSE,FALSE,,,,,
10344412,282.5066799,36.6429226,0.86,0.81,3.188816926,3.188816926,3.188816926,C,B,2,FALSE,FALSE,,,,,
10410046,216.0094491,34.65401014,0.98,0.96,2.069781157,2.069781157,2.069781157,B,A,2,FALSE,FALSE,,,,,
10414988,253.7657884,34.13399397,0.94,0.89,3.278455535,3.278455535,3.278455535,C,A,2,FALSE,FALSE,,,,,
10416055,280.5335271,34.04648757,0.96,0.84,5.637951626,5.637951626,5.637951626,C,B,2,FALSE,FALSE,,,,,visible lens
10416472,137.7235656,34.00447333,0.94,0.58,1.177731235,1.177731235,1.177731235,B,C,2,FALSE,FALSE,,,,,
10417092,227.7910475,33.95059201,0.98,0.73,1.084451779,1.084451779,1.084451779,A,C,2,FALSE,TRUE,A,,,,
10417882,218.9486405,33.88602183,0.96,0.93,1.370458143,1.370458143,1.370458143,B,C,2,FALSE,FALSE,,,,,
10419124,270.8271743,33.7868136,0.91,0.52,0.589394903,0.589394903,0.589394903,B,C,2,FALSE,FALSE,,,,,
10419147,253.8893467,33.78556794,0.92,0.87,2.153874131,2.153874131,2.153874131,C,B,2,FALSE,FALSE,,,,,
10420815,234.8200007,33.66270811,0.93,0.68,4.950372222,4.950372222,4.950372222,C,C,2,FALSE,FALSE,,,,,obvious lens
10423470,112.1220536,33.4837487,0.98,0.91,2.353522969,2.353522969,2.353522969,C,B,2,FALSE,FALSE,,,,,
10423749,227.1758708,33.46780231,0.97,0.69,2.93121353,2.93121353,2.93121353,B,C,2,FALSE,FALSE,,,,,
10424987,190.1179765,33.38662903,0.89,0.52,1.040061193,1.040061193,1.040061193,A,C,2,FALSE,FALSE,,,,,
10428646,23.57010008,33.14867876,0.97,0.81,3.542345036,3.542345036,3.542345036,C,A,2,FALSE,FALSE,,,,,
10434600,194.3979008,32.72739355,0.85,0.69,4.012688048,4.012688048,4.012688048,C,B,2,FALSE,FALSE,,,,,obvious lens
10435124,239.0999243,32.68737895,0.88,0.71,0.851524204,0.851524204,0.851524204,A,C,2,FALSE,FALSE,,,,,
10437847,271.0398162,32.50812521,0.98,0.75,0.643708638,0.643708638,0.643708638,A,C,2,FALSE,FALSE,,,,,
10439490,136.3122437,32.39140626,0.98,0.78,2.147636267,2.147636267,2.147636267,C,A,2,FALSE,FALSE,,,,,
10442709,271.4792115,32.1707502,0.93,0.71,4.612217524,4.612217524,4.612217524,B,B,2,FALSE,FALSE,,,,,visible lens
10444864,347.0778166,32.02929208,0.96,0.7,2.63000091,2.63000091,2.63000091,A,A,2,FALSE,TRUE,A,,,,
10445584,227.3718457,31.98667942,0.89,0.81,4.159707992,4.159707992,4.159707992,C,C,2,FALSE,FALSE,,,,,8?
10446316,250.7968614,31.93965043,0.98,0.6,2.331594583,2.331594583,2.331594583,A,C,2,FALSE,TRUE,C,,,,
10512534,238.1067352,30.15070724,0.98,0.93,1.243004534,1.243004534,1.243004534,A,B,2,FALSE,TRUE,A,,,,
10513088,17.86498885,30.07683317,0.93,0.78,2.604420737,2.604420737,2.604420737,C,C,2,FALSE,FALSE,,,,,
10513713,338.6717477,29.96406803,0.92,0.52,2.435540283,2.435540283,2.435540283,B,C,2,FALSE,FALSE,,,,,
10517709,176.4517116,29.31915408,0.97,0.71,2.144564771,2.144564771,2.144564771,C,A,2,FALSE,FALSE,,,,,
10519081,182.3331496,29.10838538,0.98,0.82,4.035652668,4.035652668,4.035652668,C,B,2,FALSE,FALSE,,,,,visible lens
10519627,241.5121372,29.01383776,0.99,0.94,3.432508175,3.432508175,3.432508175,A,A,2,FALSE,TRUE,B,,,,
10522675,141.1738776,28.53796291,0.96,0.62,2.847215955,2.847215955,2.847215955,C,B,2,FALSE,FALSE,,,,,
10523551,232.3545109,28.37930527,0.91,0.89,3.81888549,3.81888549,3.81888549,B,B,2,FALSE,FALSE,,,,,obvious lens
10525100,324.0243914,28.12839639,0.94,0.71,2.644003064,2.644003064,2.644003064,C,A,2,FALSE,FALSE,,,,,
10527257,110.9430166,27.7662552,0.94,0.68,4.057572683,4.057572683,4.057572683,C,A,2,FALSE,FALSE,,,,,
10528411,327.1083034,27.58574216,0.93,0.78,5.000079466,5.000079466,5.000079466,C,B,2,FALSE,FALSE,,,,,obvious lens
10528585,163.67055,27.55176781,0.99,0.81,0.632948269,0.632948238,0.632948253,A,A,2,TRUE,FALSE,,,,,
10528638,328.3172918,27.54311236,0.98,0.87,3.578630661,3.578630661,3.578630661,A,B,2,FALSE,FALSE,,,,,
10529398,140.0550162,27.40675754,0.91,0.7,0.782984654,0.782984654,0.782984654,B,C,2,FALSE,TRUE,A,,,,
10529434,268.2061607,27.40004541,0.99,0.88,0.703898516,0.703898516,0.703898516,A,C,2,FALSE,TRUE,A,,,,
10529813,35.24984331,27.34499005,0.95,0.89,2.441231031,2.441231031,2.441231031,C,C,2,FALSE,FALSE,,,,,
10530774,262.5102569,27.17463806,0.98,0.56,4.51122569,4.51122569,4.51122569,B,A,2,FALSE,FALSE,,,,,obvious lens
10531317,192.0623877,27.09679542,0.98,0.89,2.348275406,2.348275406,2.348275406,C,C,2,FALSE,FALSE,,,,,
10532878,327.4004763,26.85799139,0.95,0.82,2.67926206,2.67926206,2.67926206,B,A,2,FALSE,FALSE,,,,,
10534483,350.244712,26.61732254,0.98,0.89,3.00674056,3.00674056,3.00674056,C,A,2,FALSE,FALSE,,,,,
10536648,11.59554,26.2504763,0.95,0.74,1.540985235,1.540985235,1.540985235,C,B,2,FALSE,FALSE,,,,,
10537823,156.7711907,26.0648054,0.97,0.84,2.865147993,2.865147993,2.865147993,B,B,2,FALSE,FALSE,,,,,
10538747,111.536247,25.91599418,0.91,0.77,2.629391491,2.629391491,2.629391491,A,A,2,FALSE,FALSE,,,,,
10539965,190.7384348,25.71747347,0.93,0.87,2.736667707,2.736667707,2.736667707,A,A,2,FALSE,FALSE,,,,,
10543445,273.0814572,25.13028229,0.94,0.74,2.322266012,2.322266012,2.322266012,C,B,2,FALSE,FALSE,,,,,
10543595,250.049677,25.11073506,0.93,0.76,4.228871557,4.228871557,4.228871557,C,C,2,FALSE,FALSE,,,,,obvious lens
10545019,207.9317358,24.8800702,0.93,0.61,1.55676387,1.55676387,1.55676387,A,A,2,FALSE,FALSE,,,,,
10545376,18.2179253,24.82667862,0.9,0.67,2.139219587,2.139219587,2.139219587,C,C,2,FALSE,FALSE,,,,,
10545741,123.6385455,24.76435891,0.98,0.86,1.285979997,1.285979997,1.285979997,A,B,2,FALSE,TRUE,B,,,,
10612689,267.2349546,22.5376872,0.94,0.73,1.38580129,1.38580129,1.38580129,B,B,2,FALSE,FALSE,,,,,
10617658,325.6343185,21.73764478,0.97,0.71,2.40767045,2.40767045,2.40767045,C,A,2,FALSE,FALSE,,,,,
10620288,342.6439622,21.28988357,0.98,0.72,0.946380354,0.946380164,0.946380259,A,A,2,TRUE,FALSE,,,,,
10621667,338.2043037,21.05519471,0.88,0.69,4.06784096,4.06784096,4.06784096,C,B,2,FALSE,FALSE,,,,,obvious lens
10624262,16.072618,20.6180612,0.98,0.67,1.287409825,1.287409825,1.287409825,A,B,2,FALSE,TRUE,C,,,,
10626637,173.4079004,20.2152467,0.98,0.68,2.256709056,2.256709056,2.256709056,C,A,2,FALSE,FALSE,,,,,
10627289,121.598777,20.10888483,0.98,0.86,0.743429107,0.743428751,0.743428929,A,A,4,TRUE,FALSE,,,,,
10631246,332.8764114,19.48683479,0.91,0.71,5.521439363,2.569665999,3.707032491,A,C,2,TRUE,FALSE,,,,,
10631375,5.493797547,19.46455725,0.95,0.91,2.888634393,2.888634393,2.888634393,B,A,2,FALSE,TRUE,B,,,,
10631673,142.9932023,19.41010035,0.86,0.64,0.963318931,0.963318931,0.963318931,A,C,2,FALSE,FALSE,,,,,
10634494,144.1212349,18.9575334,0.98,0.89,3.188321942,3.188321942,3.188321942,C,B,2,FALSE,FALSE,,,,,
10634811,268.7439434,18.90215422,0.9,0.85,3.532428297,3.532428297,3.532428297,B,C,2,FALSE,FALSE,,,,,obvious lens
10644495,219.5841219,17.41242624,0.98,0.56,3.403702413,3.403702413,3.403702413,B,B,2,FALSE,FALSE,,,,,
10644599,344.0099255,17.39413025,0.98,0.65,1.719426076,1.719426076,1.719426076,B,C,2,FALSE,FALSE,,,,,
10645106,139.2104153,17.31112743,0.95,0.91,3.484433075,3.484433075,3.484433075,C,C,2,FALSE,FALSE,,,,,obvious lens
10645647,158.7542931,17.21958835,0.95,0.71,2.237021264,2.237021264,2.237021264,A,A,2,FALSE,FALSE,,,,,
10710513,241.9768759,15.38683411,0.93,0.66,2.43703211,2.43703211,2.43703211,A,C,2,FALSE,FALSE,,,,,4?
10711631,214.319965,15.23151314,0.89,0.64,2.838670499,2.838670499,2.838670499,B,A,2,FALSE,FALSE,,,,,
10719174,352.150798,14.08264699,0.97,0.53,0.962048434,0.962048434,0.962048434,B,C,2,FALSE,FALSE,,,,,
10721197,116.6481583,13.74017205,0.95,0.86,2.436938139,2.436938139,2.436938139,A,A,2,FALSE,TRUE,C,,,,
10723968,264.4153946,13.26466164,0.92,0.84,5.130931608,5.130931608,5.130931608,C,B,2,FALSE,FALSE,,,,,obvious lens
10724011,338.1645796,13.25513506,0.97,0.75,1.021452243,1.021452243,1.021452243,B,C,2,FALSE,FALSE,,,,,
10725123,114.0105475,13.07086611,0.98,0.59,0.802355178,0.802355178,0.802355178,A,C,2,FALSE,FALSE,,,,,
10728091,339.3070872,12.59250807,0.94,0.71,3.773913523,3.773913523,3.773913523,B,A,2,FALSE,FALSE,,,,,
10728924,207.3743594,12.45193306,0.99,0.67,1.505435014,1.505434092,1.505434553,A,A,2,TRUE,FALSE,,,,,
10733907,208.2764687,11.63469731,1,0.91,0.695458267,0.695458252,0.695458259,A,B,2,TRUE,FALSE,,,,,
10734732,213.9426137,11.4953078,0.92,0.53,5.329369608,2.434351851,3.562960023,A,A,4,TRUE,FALSE,,,,,
10736889,258.683945,11.12768835,0.96,0.7,2.511953647,2.511953647,2.511953647,B,B,2,FALSE,FALSE,,,,,
10738339,340.3212705,10.88105678,0.92,0.76,0.760396147,0.760396147,0.760396147,B,C,2,FALSE,FALSE,,,,,
10738363,200.6514529,10.87806928,0.98,0.6,7.557332896,3.030783655,5.070459687,B,A,5,TRUE,FALSE,,,,,
10739128,250.0760013,10.75139338,0.98,0.62,1.103739899,1.103739467,1.103739683,C,C,2,TRUE,FALSE,,,,,
10739756,232.4121191,10.63439451,0.99,0.81,0.656624931,0.656624843,0.656624887,A,B,2,TRUE,FALSE,,,,,
10741270,260.1963171,10.37873064,0.9,0.63,2.474646693,2.474646693,2.474646693,B,C,2,FALSE,FALSE,,,,,
10745256,148.8728256,9.721643271,0.91,0.53,1.994606402,1.994606402,1.994606402,C,C,2,FALSE,FALSE,,,,,
10745518,330.3805488,9.674406439,0.91,0.79,2.281340684,2.281340684,2.281340684,C,A,2,FALSE,FALSE,,,,,
10810092,158.8303908,7.882571886,0.94,0.91,2.646008358,2.646008358,2.646008358,B,A,2,FALSE,FALSE,,,,,
10810528,347.2844502,7.818981897,0.91,0.73,2.218709303,2.218709303,2.218709303,C,A,2,FALSE,FALSE,,,,,
10812777,22.58593535,7.4211866,0.98,0.92,2.059008483,2.059008483,2.059008483,A,B,2,FALSE,TRUE,B,,,,
10818579,244.7060818,6.47676665,0.97,0.8,1.157864905,1.157864905,1.157864905,B,C,2,FALSE,TRUE,A,,,,
10819585,253.6537108,6.325411199,0.93,0.59,2.262866809,2.262866809,2.262866809,C,A,2,FALSE,FALSE,,,,,
10825143,237.235499,5.428366358,0.93,0.58,2.729438047,2.729438047,2.729438047,B,A,2,FALSE,FALSE,,,,,
10827698,217.2308885,5.005791706,0.86,0.92,2.22921224,2.22921224,2.22921224,A,A,2,FALSE,TRUE,A,,,,
10831546,247.1518159,4.375172374,0.98,0.72,2.17584939,2.17584939,2.17584939,B,C,2,FALSE,FALSE,,,,,
10832423,154.1386904,4.239369714,0.9,0.55,3.134645819,3.134645819,3.134645819,A,C,2,FALSE,FALSE,,,,,4?
10832437,339.3236455,4.238092978,0.98,0.87,2.630818513,2.630818513,2.630818513,C,A,2,FALSE,FALSE,,,,,
10837745,37.49246889,3.34197228,0.99,0.88,2.082121207,2.082121207,2.082121207,A,A,2,FALSE,TRUE,A,,,,
10840035,324.3219318,2.963555184,0.96,0.77,2.151689545,2.151689545,2.151689545,C,A,2,FALSE,FALSE,,,,,
10841955,168.448722,2.641461332,0.96,0.81,2.24310633,2.24310633,2.24310633,C,B,2,FALSE,FALSE,,,,,
10842676,307.1124658,2.528284957,0.89,0.69,3.59768138,3.59768138,3.59768138,C,C,2,FALSE,FALSE,,,,,
10843504,358.3686909,2.4017864,0.95,0.61,1.533869274,1.533869274,1.533869274,C,C,2,FALSE,FALSE,,,,,
10843816,28.78702855,2.3667513,0.97,0.81,1.418358384,1.418358384,1.418358384,B,B,2,FALSE,FALSE,,,,,
10844276,314.4671739,2.29612602,0.94,0.59,1.160046034,1.160046034,1.160046034,A,B,2,FALSE,TRUE,B,,,,
10845674,0.684707168,2.134481251,0.93,0.8,1.772140164,1.772140164,1.772140164,B,C,2,FALSE,FALSE,,,,,
10912799,320.3847626,-8.436016,0.93,0.7,1.335954462,1.335954462,1.335954462,B,B,2,FALSE,FALSE,,,,,
10912915,336.8091908,-8.457386639,0.91,0.81,1.267377021,1.267377021,1.267377021,C,C,2,FALSE,FALSE,,,,,
10913114,30.51552306,-8.500386835,0.97,0.84,2.498835922,2.498835922,2.498835922,C,C,2,FALSE,FALSE,,,,,
10916098,70.04824127,-9.091177713,0.98,0.82,1.688514232,1.688514232,1.688514232,A,A,2,FALSE,TRUE,A,,,,
10918628,204.7909501,-9.728658772,0.97,0.9,2.706894291,2.706894291,2.706894291,C,A,2,FALSE,FALSE,,,,,
10919637,40.68862603,-10.04922033,0.98,0.77,2.372954719,2.372954719,2.372954719,A,A,2,FALSE,TRUE,C,,,,
10920324,36.5840036,-10.28532253,0.92,0.69,2.966538061,2.966538061,2.966538061,C,C,2,FALSE,FALSE,,,,,4?
10923671,0.400166244,-11.47416797,0.88,0.7,2.746801514,2.746801514,2.746801514,B,C,2,FALSE,FALSE,,,,,
10924112,60.5530491,-11.64181348,0.92,0.86,2.208979524,2.208979524,2.208979524,B,A,2,FALSE,TRUE,C,,,,
10925552,68.57146771,-12.15403222,0.95,0.78,2.259310736,2.259310736,2.259310736,B,A,2,FALSE,FALSE,,,,,
10925694,13.95353264,-12.2028451,0.95,0.56,1.877790677,1.877790677,1.877790677,B,A,2,FALSE,FALSE,,,,,
10925915,69.56188488,-12.28716056,0.99,0.73,1.289378747,1.002392606,1.195660081,A,A,2,TRUE,FALSE,,,,,
10930010,20.65695866,-13.73958783,0.97,0.64,0.982391529,0.982391529,0.982391529,B,C,2,FALSE,TRUE,A,,,,
10930030,343.8433926,-13.74964153,0.91,0.83,3.09884338,3.09884338,3.09884338,C,C,2,FALSE,FALSE,,,,,
10933387,49.75488163,-15.31664053,0.96,0.72,1.342893419,1.342893419,1.342893419,C,C,2,FALSE,FALSE,,,,,
10935698,64.81884571,-17.72497604,0.95,0.74,2.035559853,2.035559853,2.035559853,C,A,2,FALSE,FALSE,,,,,
10936793,41.5510335,-18.75129473,0.99,0.85,0.500527203,0.500527202,0.500527202,A,A,2,TRUE,FALSE,,,,,
10939420,85.7388455,-21.42608655,0.97,0.73,2.456644438,2.456644438,2.456644438,C,A,2,FALSE,TRUE,B,,,,
10939816,72.80569439,-21.79652084,0.9,0.74,1.782804734,1.782804734,1.782804734,A,A,2,FALSE,FALSE,,,,,
10941215,18.8963401,-23.10796656,0.91,0.71,5.121153365,5.121153365,5.121153365,C,C,2,FALSE,FALSE,,,,,obvious lens
10941564,12.27177894,-23.40948816,0.93,0.77,1.928102116,1.928102116,1.928102116,B,A,2,FALSE,TRUE,C,,,,
10941568,45.03716975,-23.41110518,0.9,0.84,2.181416055,2.181416055,2.181416055,B,C,2,FALSE,FALSE,,,,,
10942493,87.51644394,-24.17620083,0.86,0.76,4.127594614,3.212949061,3.670271838,B,C,3,FALSE,FALSE,,,,,8? % obvious lens
10943413,51.65483549,-25.07397896,0.95,0.76,2.012125653,2.012125653,2.012125653,C,A,2,FALSE,FALSE,,,,,
10944064,76.55618687,-25.51347455,0.98,0.84,3.6802483,3.6802483,3.6802483,B,A,2,FALSE,TRUE,B,,,,
10944084,88.63649298,-25.54174824,0.91,0.72,2.280178937,2.280178937,2.280178937,B,C,2,FALSE,FALSE,,,,,
10944342,48.40914035,-25.77525602,0.95,0.9,2.204414015,2.204414015,2.204414015,A,A,2,FALSE,TRUE,B,,,,
10944666,22.4716056,-26.09840577,0.94,0.83,3.075322819,3.075322819,3.075322819,C,A,2,FALSE,FALSE,,,,,
10946144,20.53862318,-27.64030961,0.96,0.7,2.46450057,2.46450057,2.46450057,B,A,2,FALSE,FALSE,,,,,
11010519,47.37897997,-37.02808158,0.9,0.76,2.161221819,2.161221819,2.161221819,B,A,2,FALSE,TRUE,C,,,,
11011490,359.070568,-37.65489386,0.87,0.73,2.00231226,2.00231226,2.00231226,B,C,2,FALSE,FALSE,,,,,
11014767,63.6490782,-39.34523494,0.97,0.73,1.101388438,1.101388438,1.101388438,C,C,2,FALSE,FALSE,,,,,
11015444,355.4494039,-39.57753537,0.98,0.53,2.575601744,2.575601744,2.575601744,C,C,2,FALSE,FALSE,,,,,
11016668,348.9009766,-40.07546328,0.97,0.69,2.514612907,2.514612907,2.514612907,C,A,2,FALSE,FALSE,,,,,
11016987,346.8865708,-40.2295408,0.97,0.84,2.291405645,2.291405645,2.291405645,B,B,2,FALSE,FALSE,,,,,
11018844,23.8861801,-41.0065676,0.98,0.76,1.921431886,1.921431886,1.921431886,A,A,2,FALSE,FALSE,,,,,
11018993,43.63996888,-41.08276615,0.88,0.87,2.581429851,2.581429851,2.581429851,C,C,2,FALSE,FALSE,,,,,
11019072,331.007231,-41.11619609,0.99,0.92,1.989155146,1.989155146,1.989155146,A,A,2,FALSE,FALSE,,,,,
11019912,78.91385798,-41.5313574,0.97,0.58,1.360280682,1.360280682,1.360280682,A,C,2,FALSE,FALSE,,,,,
11020071,352.5726609,-41.60211587,0.88,0.87,4.602171242,4.602171242,4.602171242,C,C,2,FALSE,FALSE,,,,,obvious lens
11020661,81.39956829,-41.89608354,0.98,0.69,0.708506932,0.708506932,0.708506932,A,C,2,FALSE,FALSE,,,,,
11020910,329.3068654,-42.03033701,0.9,0.66,1.803409434,1.803409434,1.803409434,A,C,2,FALSE,TRUE,B,,,,
11021053,39.21273168,-42.10153396,0.92,0.7,1.664098384,1.664098384,1.664098384,C,B,2,FALSE,FALSE,,,,,
11025703,308.4118212,-44.46873529,0.9,0.68,2.261585268,2.261585268,2.261585268,C,A,2,FALSE,FALSE,,,,,
11025886,354.4757657,-44.54653628,0.97,0.88,2.31412407,2.31412407,2.31412407,C,A,2,FALSE,FALSE,,,,,
11026123,48.54434476,-44.65159358,0.95,0.74,2.609259823,2.609259823,2.609259823,C,A,2,FALSE,FALSE,,,,,
11026422,81.29209097,-44.8186621,0.98,0.94,2.091721296,2.091721296,2.091721296,C,A,2,FALSE,FALSE,,,,,
11026888,53.672296,-45.06424955,0.92,0.96,2.455811682,2.455811682,2.455811682,A,A,2,FALSE,FALSE,,,,,
11030534,327.6195571,-46.88086135,0.91,0.85,2.408011694,2.408011694,2.408011694,B,A,2,FALSE,TRUE,B,,,,
11032569,85.47810211,-47.86988232,0.97,0.71,3.101651552,3.101651552,3.101651552,C,B,2,FALSE,FALSE,,,,,
11034543,92.62854504,-48.94519076,0.9,0.76,2.451124785,2.451124785,2.451124785,C,A,2,FALSE,FALSE,,,,,
11034895,336.6964652,-49.13195686,0.9,0.77,3.053799349,3.053799349,3.053799349,C,B,2,FALSE,FALSE,,,,,obvious lens
11036605,43.74892112,-50.05797772,0.95,0.82,2.027876184,2.027876184,2.027876184,C,A,2,FALSE,FALSE,,,,,
11038970,59.12507859,-51.17590836,0.96,0.72,2.480276148,2.480276148,2.480276148,B,C,2,FALSE,FALSE,,,,,
11039044,72.01531378,-51.21573742,0.95,0.88,2.631615012,2.631615012,2.631615012,B,C,2,FALSE,TRUE,C,,,,
11111002,79.53548257,-59.15329132,0.98,0.84,1.999086789,1.999086789,1.999086789,C,A,2,FALSE,FALSE,,,,,
11111209,319.6633912,-59.2362782,0.98,0.68,2.196566217,2.196566217,2.196566217,B,C,2,FALSE,FALSE,,,,,
11111260,332.4120101,-59.2611906,0.97,0.84,2.618978309,2.618978309,2.618978309,B,C,2,FALSE,FALSE,,,,,
11111546,86.1276067,-59.37716263,0.98,0.81,1.252346219,1.252346219,1.252346219,A,C,2,FALSE,TRUE,A,,,,
11112104,82.5119812,-59.61562856,0.96,0.65,2.155838453,2.155838453,2.155838453,B,B,2,FALSE,FALSE,,,,,
11114297,75.0575133,-60.34908185,0.94,0.72,1.452348825,1.452348825,1.452348825,C,A,2,FALSE,FALSE,,,,,
11116083,59.62041518,-60.75967859,0.98,0.71,2.911494628,2.911494628,2.911494628,B,A,2,FALSE,FALSE,,,,,
11116236,342.5327016,-60.78998018,0.92,0.66,1.984663155,1.984663155,1.984663155,C,A,2,FALSE,TRUE,C,,,,
11116934,78.42049442,-60.90864972,0.85,0.68,2.631698507,2.631698507,2.631698507,C,C,2,FALSE,FALSE,,,,,4?
11118974,69.44396873,-61.23279436,0.97,0.89,2.140300468,2.140300468,2.140300468,B,C,2,FALSE,FALSE,,,,,host galaxy?
11119191,79.70309649,-61.26003011,0.93,0.88,3.52246253,2.809065208,3.165763869,C,C,3,FALSE,FALSE,,,,,visible lens
11119759,14.57042009,-61.33450419,0.94,0.75,3.052465808,3.052465808,3.052465808,B,B,2,FALSE,FALSE,,,,,
11120009,54.78700909,-61.36245176,0.99,0.92,1.26208515,1.26208515,1.26208515,A,B,2,FALSE,TRUE,A,,,,
11122831,79.87199917,-61.61995388,0.96,0.73,2.461073795,2.461073795,2.461073795,C,A,2,FALSE,FALSE,,,,,
11128474,352.2302702,-61.97336922,0.97,0.73,2.110296127,2.110296127,2.110296127,C,A,2,FALSE,FALSE,,,,,
11129276,70.41937127,-62.01843567,0.98,0.58,3.28938653,3.28938653,3.28938653,C,C,2,FALSE,FALSE,,,,,
11139339,78.92525443,-62.44704719,0.9,0.71,1.859502983,1.859502983,1.859502983,A,C,2,FALSE,FALSE,,,,,
11224697,75.51187586,-63.41248894,0.97,0.78,4.528222497,4.528222497,4.528222497,A,A,2,FALSE,FALSE,,,,,obvious lens
11314442,67.30559733,-64.58321216,0.91,0.82,1.640748238,1.640748238,1.640748238,C,A,2,FALSE,FALSE,,,,,
11316923,60.13302966,-64.73149807,0.96,0.69,1.072161586,1.072161586,1.072161586,A,C,2,FALSE,TRUE,A,,,,
11318620,50.39687673,-64.8327624,0.97,0.9,0.628662161,0.628662161,0.628662161,A,C,2,FALSE,TRUE,C,,,,
11321422,63.32727056,-65.09548709,0.9,0.81,1.916905512,1.916905512,1.916905512,C,B,2,FALSE,FALSE,,,,,
11321530,70.4874775,-65.10662146,0.97,0.58,2.146118276,2.146118276,2.146118276,C,A,2,FALSE,FALSE,,,,,
11328011,355.703677,-65.77856298,0.89,0.77,3.038734293,3.038734293,3.038734293,C,C,2,FALSE,FALSE,,,,,4? & obvious lens
11413195,136.7937304,0.055768133,0.94,0.87,0.491420373,0.491420372,0.491420372,B,A,2,TRUE,FALSE,,,,,
11413434,235.6767952,0.0149991,0.96,0.7,2.693757034,2.693757034,2.693757034,C,C,2,FALSE,FALSE,,,,,4?
11414189,186.5333982,-0.100636743,0.99,0.83,0.629081875,0.629081875,0.629081875,B,B,2,TRUE,FALSE,,,,,
11418744,28.70951626,-0.804713012,0.98,0.91,2.273603849,2.273603849,2.273603849,C,A,2,FALSE,FALSE,,,,,
11419327,337.080901,-0.887599259,0.92,0.53,2.769179194,2.750925887,2.760052541,C,B,3,FALSE,FALSE,,,,,"interesting case, quad"
11423437,7.790893837,-1.577536226,0.97,0.71,2.888004168,2.888004168,2.888004168,C,A,2,FALSE,FALSE,,,,,
11423488,313.4654918,-1.585158609,0.89,0.65,2.06785478,2.06785478,2.06785478,B,A,2,FALSE,FALSE,,,,,
11425488,327.4990396,-1.974215217,0.98,0.87,2.290781027,2.290781027,2.290781027,B,A,2,FALSE,FALSE,,,,,
11426150,37.74359622,-2.115577915,0.98,0.94,3.250758451,3.250758451,3.250758451,C,A,2,FALSE,TRUE,C,,,,
11426442,346.7893246,-2.16352372,0.92,0.74,1.730255774,1.730255774,1.730255774,C,A,2,FALSE,FALSE,,,,,
11426534,190.6486075,-2.180260281,0.98,0.87,2.38791036,2.38791036,2.38791036,C,B,2,FALSE,FALSE,,,,,
11426584,33.46912682,-2.191787996,0.98,0.75,2.975558963,2.975558963,2.975558963,C,A,2,FALSE,FALSE,,,,,
11427379,185.9087889,-2.354516355,0.91,0.67,1.383958551,1.383958551,1.383958551,A,A,2,FALSE,FALSE,,,,,
11427860,18.34813959,-2.443179515,0.91,0.93,0.55306388,0.55306388,0.55306388,B,B,2,FALSE,TRUE,A,,,,
11429311,26.87090111,-2.715602633,0.88,0.94,2.421354689,2.421354689,2.421354689,C,A,2,FALSE,FALSE,,,,,
11430347,310.6278571,-2.904431175,0.85,0.54,2.812042984,2.812042984,2.812042984,A,A,2,FALSE,FALSE,,,,,
11430400,18.20413271,-2.917407621,0.89,0.87,3.123674562,3.123674562,3.123674562,C,C,2,FALSE,FALSE,,,,,4?
11431388,153.0660962,-3.117734837,0.98,0.55,3.060470078,1.657894458,2.161294305,A,A,4,TRUE,FALSE,,,,,
11431686,308.7298369,-3.164904461,0.86,0.81,1.960662925,1.960662925,1.960662925,B,C,2,FALSE,FALSE,,,,,
11431929,323.0650569,-3.209076038,0.97,0.83,2.349663342,2.349663342,2.349663342,C,A,2,FALSE,FALSE,,,,,
11433298,213.2708659,-3.496226291,0.94,0.59,3.418559162,3.418559162,3.418559162,C,B,2,FALSE,FALSE,,,,,
11433768,168.1810223,-3.585982807,0.96,0.85,0.841744322,0.841744322,0.841744322,B,C,2,FALSE,TRUE,B,,,,
11437817,125.1505276,-4.366233555,0.96,0.87,2.837269545,2.837269545,2.837269545,C,A,2,FALSE,FALSE,,,,,
11439641,156.4854235,-4.715727998,0.95,0.64,2.333956242,2.333956242,2.333956242,B,A,2,FALSE,FALSE,,,,,
11440757,316.7737496,-4.918421871,0.89,0.84,2.254427519,2.254427519,2.254427519,B,A,2,FALSE,TRUE,C,,,,
11441092,9.027343657,-4.986935914,0.89,0.53,3.117307933,3.117307933,3.117307933,C,C,2,FALSE,FALSE,,,,,4?
11441113,326.4168577,-4.990050798,0.94,0.51,2.889276703,2.889276703,2.889276703,C,B,2,FALSE,FALSE,,,,,
11442053,42.65547864,-5.155761749,0.95,0.87,3.246747369,3.246747369,3.246747369,C,C,2,FALSE,FALSE,,,,,4?
11442708,338.3964123,-5.274765556,0.93,0.83,2.043531234,2.043531234,2.043531234,B,A,2,FALSE,FALSE,,,,,
11443444,62.07950238,-5.420494206,0.96,0.93,1.255494431,1.255494431,1.255494431,A,A,2,FALSE,TRUE,B,,,,
