Clusterid,RA_thiswork,Dec_thiswork,S_RF,S_colour,Sep_max,Sep_min,Sep_mean,Grade_thiswork,Grade_thiswork_by_LR,NUM_OF_IMG,Name_D22,RA_D22,Dec_D22,Grade_D22
2451,237.9578991,83.54718997,0.99,0.68,0.544881751,0.544881751,0.544881751,A,C,2,DESI-237.9579+83.5472,237.9579,83.5472,C
11135,341.7934159,-53.6483151,0.96,0.87,1.620296046,1.620296046,1.620296046,B,A,2,DESI-341.7934-53.6483,341.7934,-53.6483,B
103826,181.2110956,44.47637909,0.97,0.61,3.08643693,3.08643693,3.08643693,A,B,2,DESI-181.2111+44.4764,181.2111,44.4764,B
218157,268.2100974,73.92359026,0.98,0.67,2.440556979,2.440556979,2.440556979,B,A,2,DESI-268.2101+73.9236,268.2101,73.9236,C
219155,268.4845737,73.56468033,0.98,0.58,1.938960677,1.938960677,1.938960677,A,C,2,DESI-268.4846+73.5647,268.4846,73.5647,A
221046,210.4060786,72.83658688,0.97,0.75,1.954528411,1.954528411,1.954528411,A,A,2,DESI-210.4061+72.8366,210.4061,72.8366,C
225028,269.8290201,71.37118985,0.94,0.81,0.986610157,0.986610157,0.986610157,A,C,2,DESI-269.8290+71.3712,269.829,71.3712,C
235032,269.9853424,68.15613095,0.94,0.62,2.107510893,2.107510893,2.107510893,B,C,2,DESI-269.9857+68.1559,269.9857,68.1559,C
249116,104.07247,64.15257814,0.94,0.87,1.377380089,1.377380089,1.377380089,A,C,2,DESI-104.0725+64.1526,104.0725,64.1526,A
256931,120.0036954,62.21928611,0.94,0.8,1.15353254,1.15353254,1.15353254,A,C,2,DESI-120.0037+62.2193,120.0037,62.2193,A
266167,275.3760593,60.09073559,0.93,0.82,1.513311576,1.513311576,1.513311576,A,B,2,DESI-275.3761+60.0907,275.3761,60.0907,B
272753,144.3831727,58.59059683,0.97,0.81,1.437034629,1.437034629,1.437034629,B,C,2,DESI-144.3832+58.5906,144.3832,58.5906,A
1006023,239.1578029,79.42708867,0.99,0.84,0.927393314,0.927393314,0.927393314,A,C,2,DESI-239.1578+79.4271,239.1578,79.4271,A
1028529,95.47834202,52.46104102,0.93,0.92,1.929726749,1.929726749,1.929726749,A,B,2,DESI-095.4783+52.4610,95.4783,52.461,A
1042347,121.2732318,35.84708765,0.95,0.68,1.131271962,1.131271962,1.131271962,A,B,2,DESI-121.2732+35.8471,121.2732,35.8471,A
1042422,124.6765314,35.83388605,0.95,0.92,2.530746392,2.530746392,2.530746392,C,A,2,DESI-124.6765+35.8339,124.6765,35.8339,B
1043970,203.0016791,35.56026562,0.97,0.82,0.657069612,0.657069612,0.657069612,C,C,2,DESI-203.0017+35.5603,203.0017,35.5603,B
1051961,275.1365099,31.69670553,0.95,0.69,2.354252526,2.354252526,2.354252526,A,B,2,DESI-275.1365+31.6967,275.1365,31.6967,C
1079793,357.0421006,15.50582533,0.97,0.9,1.142465944,1.142465944,1.142465944,C,C,2,DESI-357.0421+15.5058,357.0421,15.5058,A
1086505,187.7461131,8.479096324,0.97,0.72,1.671495161,1.671495161,1.671495161,C,A,2,DESI-187.7461+08.4791,187.7461,8.4791,B
1109151,86.50912907,-35.74242723,0.93,0.84,1.710413136,1.710413136,1.710413136,B,A,2,DESI-086.5091-35.7424,86.5091,-35.7424,B
1111264,93.36875764,-54.32407241,0.98,0.89,1.927413616,1.927413616,1.927413616,A,A,2,DESI-093.3688-54.3241,93.3688,-54.3241,A
1114674,64.17821744,-56.10731083,0.98,0.78,1.036475786,1.036475786,1.036475786,A,C,2,DESI-064.1782-56.1073,64.1782,-56.1073,B
1119104,38.15776732,-58.35718393,0.97,0.74,0.667046903,0.667046903,0.667046903,A,B,2,DESI-038.1578-58.3572,38.1578,-58.3572,A
1147980,354.3070107,0.936494071,0.96,0.91,1.328752778,1.328752778,1.328752778,A,A,2,DESI-354.3070+00.9365,354.307,0.9365,A
1148824,65.715329,0.7970405,0.97,0.76,4.783236115,4.783236115,4.783236115,B,A,2,DESI-065.7153+00.7970,65.7153,0.797,B
2106768,159.8415441,51.4360319,0.94,0.84,1.68751625,1.68751625,1.68751625,A,B,2,DESI-159.8415+51.4360,159.8415,51.436,B
2111676,191.5570117,50.51361113,0.98,0.9,2.423021031,2.423021031,2.423021031,A,A,2,DESI-191.5570+50.5136,191.557,50.5136,C
2118342,144.2486824,49.20084543,0.96,0.54,1.902071066,1.902071066,1.902071066,B,C,2,DESI-144.2487+49.2008,144.2487,49.2008,C
2120517,287.1628816,48.82364462,0.97,0.73,1.107041266,1.107041266,1.107041266,A,C,2,DESI-287.1629+48.8236,287.1629,48.8236,A
2121855,186.3277798,48.52127159,0.99,0.9,0.901678662,0.901678662,0.901678662,A,C,2,DESI-186.3278+48.5213,186.3278,48.5213,A
2125761,110.9364388,47.652829,0.96,0.52,1.584593352,1.584593352,1.584593352,A,C,2,DESI-110.9364+47.6528,110.9364,47.6528,C
2132954,142.587839,46.23972721,0.98,0.96,1.835719961,1.835719961,1.835719961,A,C,2,DESI-142.5878+46.2397,142.5878,46.2397,A
2140721,150.6228356,44.82853835,0.99,0.91,0.728973264,0.728973264,0.728973264,A,C,2,DESI-150.6228+44.8285,150.6228,44.8285,A
2144867,151.722864,44.10113921,0.94,0.81,1.619899915,1.619899915,1.619899915,C,A,2,DESI-151.7229+44.1011,151.7229,44.1011,B
2146213,153.0242791,43.85015596,0.93,0.89,1.038243205,1.038243205,1.038243205,A,C,2,DESI-153.0243+43.8502,153.0243,43.8502,A
2149205,160.8539253,43.34699652,0.94,0.67,1.650958202,1.650958202,1.650958202,B,A,2,DESI-160.8539+43.3470,160.8539,43.347,B
2153837,174.0862636,42.45818563,0.98,0.76,2.133807427,2.133807427,2.133807427,B,C,2,DESI-174.0863+42.4582,174.0863,42.4582,C
2157572,223.702363,41.77706155,0.96,0.71,1.414367425,1.414367425,1.414367425,A,C,2,DESI-223.7024+41.7771,223.7024,41.7771,B
2157715,174.9464938,41.73102064,0.97,0.85,2.40347198,2.40347198,2.40347198,A,A,2,DESI-174.9465+41.7310,174.9465,41.731,C
2168587,264.9154615,39.78544079,0.95,0.71,2.43518482,2.43518482,2.43518482,A,B,2,DESI-264.9155+39.7854,264.9155,39.7854,C
2176222,99.02538155,38.45472785,0.85,0.77,2.429583602,2.429583602,2.429583602,B,C,2,DESI-099.0254+38.4547,99.0254,38.4547,A
2178777,197.6605504,38.05926706,0.98,0.85,0.967424924,0.967424924,0.967424924,A,C,2,DESI-197.6606+38.0593,197.6606,38.0593,A
2188709,125.6562621,36.3611495,0.97,0.82,1.548246128,1.548246128,1.548246128,B,C,2,DESI-125.6563+36.3611,125.6563,36.3611,C
2192251,274.9553833,35.70261412,0.98,0.88,0.733113788,0.733113788,0.733113788,A,C,2,DESI-274.9554+35.7026,274.9554,35.7026,C
2193526,145.8625238,35.54392094,0.98,0.9,0.822256218,0.822256218,0.822256218,A,C,2,DESI-145.8625+35.5439,145.8625,35.5439,A
2197502,269.8250275,34.99122132,0.98,0.88,2.293979032,2.293979032,2.293979032,A,A,2,DESI-269.8250+34.9912,269.825,34.9912,B
2205145,161.4976839,34.5658757,0.94,0.91,1.416435037,1.416435037,1.416435037,B,C,2,DESI-161.4977+34.5659,161.4977,34.5659,B
2211367,165.5267496,34.36240965,0.96,0.91,1.254266395,1.254266395,1.254266395,A,B,2,DESI-165.5267+34.3624,165.5267,34.3624,A
2298646,194.1306235,33.04809354,0.96,0.72,0.5087158,0.5087158,0.5087158,C,C,2,DESI-194.1306+33.0481,194.1306,33.0481,C
2329451,155.3721624,32.72216861,0.91,0.85,2.224440548,2.224440548,2.224440548,A,B,2,DESI-155.3722+32.7222,155.3722,32.7222,B
2362118,234.2544365,32.39077348,0.93,0.91,0.969630563,0.969630563,0.969630563,A,B,2,DESI-234.2544+32.3908,234.2544,32.3908,A
2398877,353.8438337,32.01927301,0.97,0.55,0.615607174,0.615607174,0.615607174,B,C,2,DESI-353.8438+32.0193,353.8438,32.0193,A
2414227,7.2226102,31.6230326,0.89,0.57,1.24298379,1.24298379,1.24298379,B,C,2,DESI-007.2226+31.6230,7.2226,31.623,C
2416574,238.7626755,31.3125247,0.98,0.74,1.636780177,1.636780177,1.636780177,A,C,2,DESI-238.7627+31.3125,238.7627,31.3125,B
2420745,151.5763876,30.67665113,0.93,0.77,0.88881064,0.88881064,0.88881064,A,C,2,DESI-151.5764+30.6767,151.5764,30.6767,C
2427654,146.6862612,29.82339523,0.96,0.68,1.346165911,1.346165911,1.346165911,A,A,2,DESI-146.6863+29.8234,146.6863,29.8234,A
2430101,115.055987,29.44640545,0.96,0.83,2.662665416,2.662665416,2.662665416,A,C,2,DESI-115.0560+29.4464,115.056,29.4464,C
2433802,353.4532906,28.90349252,0.92,0.68,0.778758123,0.778758123,0.778758123,A,C,2,DESI-353.4533+28.9035,353.4533,28.9035,C
2435479,270.3687609,28.66602115,0.94,0.77,0.580404478,0.580404478,0.580404478,A,C,2,DESI-270.3688+28.6660,270.3688,28.666,C
2447360,223.9080992,27.12279334,0.97,0.9,0.946229209,0.946229209,0.946229209,A,C,2,DESI-223.9081+27.1228,223.9081,27.1228,C
2452111,165.5868421,26.40797213,0.98,0.89,1.397570129,1.397570129,1.397570129,A,C,2,DESI-165.5868+26.4080,165.5868,26.408,C
2454916,112.115881,26.1172021,0.95,0.89,2.145158841,2.145158841,2.145158841,A,B,2,DESI-112.1159+26.1172,112.1159,26.1172,C
2459355,14.53967939,25.4099844,0.97,0.74,0.828988453,0.828988453,0.828988453,A,B,2,DESI-014.5397+25.4100,14.5397,25.41,A
2467871,125.9211622,24.30148255,0.99,0.86,0.633327887,0.633327887,0.633327887,A,C,2,DESI-125.9212+24.3015,125.9212,24.3015,C
2473725,170.6459781,23.4430641,0.89,0.76,0.71423255,0.71423255,0.71423255,A,C,2,DESI-170.6460+23.4431,170.646,23.4431,A
2474864,7.568545608,23.35367672,0.97,0.66,0.822015957,0.822015957,0.822015957,C,C,2,DESI-007.5685+23.3537,7.5685,23.3537,C
2475602,145.6458517,23.17500756,0.96,0.96,2.457047464,2.457047464,2.457047464,A,A,2,DESI-145.6459+23.1750,145.6459,23.175,C
2480289,12.00657724,22.60410829,0.97,0.8,2.283291126,2.283291126,2.283291126,B,B,2,DESI-012.0066+22.6041,12.0066,22.6041,C
2481044,192.6941354,22.43231861,0.88,0.85,1.833266668,1.833266668,1.833266668,B,A,2,DESI-192.6941+22.4323,192.6941,22.4323,C
2491837,9.316052761,20.97378117,0.98,0.8,1.019513072,1.019513072,1.019513072,A,C,2,DESI-009.3161+20.9738,9.3161,20.9738,A
2504735,113.6936541,19.25012152,0.98,0.72,1.20351926,1.20351926,1.20351926,A,C,2,DESI-113.6937+19.2501,113.6937,19.2501,B
2514580,38.12995768,17.99308724,0.98,0.77,1.532798773,1.532798773,1.532798773,A,B,2,DESI-038.1300+17.9931,38.13,17.9931,C
2517932,155.8453407,17.61418052,0.98,0.77,0.814921197,0.814921197,0.814921197,A,C,2,DESI-155.8453+17.6142,155.8453,17.6142,A
2520241,152.0733359,17.25531985,0.89,0.78,2.912060341,2.912060341,2.912060341,C,A,2,DESI-152.0733+17.2553,152.0733,17.2553,B
2520705,243.3334194,17.14422026,0.94,0.8,0.753081912,0.753081912,0.753081912,A,B,2,DESI-243.3334+17.1442,243.3334,17.1442,A
2537346,204.4782144,15.01348341,0.97,0.78,1.446825715,1.446825715,1.446825715,C,B,2,DESI-204.4782+15.0135,204.4782,15.0135,C
2539554,201.4979315,14.68622396,0.97,0.84,0.590288205,0.590288205,0.590288205,A,C,2,DESI-201.4979+14.6862,201.4979,14.6862,B
2541128,34.15257445,14.51286065,0.95,0.71,0.560097769,0.560097769,0.560097769,A,C,2,DESI-034.1526+14.5129,34.1526,14.5129,C
2555737,325.8843484,12.57448803,0.96,0.65,0.765247239,0.765247239,0.765247239,A,C,2,DESI-325.8843+12.5745,325.8843,12.5745,C
2562892,182.4903848,11.61611335,0.89,0.96,2.816432721,2.816432721,2.816432721,C,A,2,DESI-182.4904+11.6161,182.4904,11.6161,C
2566504,317.7873361,11.11174975,0.92,0.74,0.54063192,0.54063192,0.54063192,A,C,2,DESI-317.7873+11.1117,317.7873,11.1117,C
2568725,31.34083383,10.77909227,0.93,0.85,1.355549454,1.355549454,1.355549454,B,A,2,DESI-031.3408+10.7791,31.3408,10.7791,B
2580001,183.1848902,9.202027705,0.96,0.66,2.020440111,2.020440111,2.020440111,A,A,2,DESI-183.1849+09.2020,183.1849,9.202,B
2587116,23.26956495,8.278897046,0.91,0.9,1.547988069,1.547988069,1.547988069,B,A,2,DESI-023.2696+08.2789,23.2696,8.2789,A
2587193,145.1129701,8.262540201,0.92,0.63,1.846142194,1.846142194,1.846142194,A,A,2,DESI-145.1130+08.2625,145.113,8.2625,C
2587254,345.9391239,8.248642332,0.97,0.74,1.721486076,1.721486076,1.721486076,A,A,2,DESI-345.9391+08.2486,345.9391,8.2486,A
2590593,242.8201318,7.844631147,0.98,0.66,1.98806827,1.98806827,1.98806827,C,A,2,DESI-242.8201+07.8446,242.8201,7.8446,B
2593284,143.029652,7.380998129,0.98,0.83,1.327764231,1.327764231,1.327764231,B,B,2,DESI-143.0297+07.3810,143.0297,7.381,A
2596319,180.6180603,7.057171644,0.95,0.92,1.214156475,1.214156475,1.214156475,A,B,2,DESI-180.6181+07.0572,180.6181,7.0572,A
2600066,308.8703068,6.58918841,0.98,0.62,1.918088122,1.918088122,1.918088122,A,A,2,DESI-308.8703+06.5892,308.8703,6.5892,C
2604520,35.44735416,5.919203396,0.95,0.89,0.860950642,0.860950642,0.860950642,A,C,2,DESI-035.4474+05.9192,35.4474,5.9192,A
2604577,201.1373438,5.906455352,0.98,0.76,2.073418927,2.073418927,2.073418927,C,B,2,DESI-201.1373+05.9065,201.1373,5.9065,C
2604655,119.1313287,5.887818971,0.95,0.9,1.16587338,1.16587338,1.16587338,A,C,2,DESI-119.1313+05.8878,119.1313,5.8878,A
2615126,355.8774341,4.599453189,0.99,0.69,1.231398697,1.231398697,1.231398697,A,C,2,DESI-355.8774+04.5995,355.8774,4.5995,C
2615155,234.4600496,4.5902532,0.98,0.76,1.844560828,1.844560828,1.844560828,A,B,2,DESI-234.4600+04.5903,234.46,4.5903,C
2619465,20.59920429,3.977168947,0.95,0.82,1.705964337,1.705964337,1.705964337,B,A,2,DESI-020.5992+03.9772,20.5992,3.9772,B
2638720,123.3673248,1.60918225,0.97,0.7,2.305416824,2.305416824,2.305416824,B,B,2,DESI-123.3673+01.6092,123.3673,1.6092,B
2655107,159.3664934,0.305677543,0.98,0.81,1.245366594,1.245366594,1.245366594,A,B,2,DESI-159.3665+00.3057,159.3665,0.3057,B
2671227,48.84865005,-0.946431351,0.94,0.95,2.550481579,2.550481579,2.550481579,B,A,2,DESI-048.8487-00.9464,48.8487,-0.9464,B
2672519,19.55033831,-1.078355151,0.93,0.62,1.73843096,1.73843096,1.73843096,C,C,2,DESI-019.5503-01.0784,19.5503,-1.0784,C
2675904,203.5464935,-1.347987654,0.9,0.81,1.09603603,1.09603603,1.09603603,B,C,2,DESI-203.5465-01.3480,203.5465,-1.348,A
2680310,133.2241508,-1.81387132,0.98,0.83,3.226718279,3.226718279,3.226718279,B,B,2,DESI-133.2242-01.8139,133.2242,-1.8139,C
2683094,52.42817615,-2.137856707,0.96,0.85,1.324940109,1.324940109,1.324940109,A,B,2,DESI-052.4282-02.1379,52.4282,-2.1379,A
2685102,135.1102751,-2.450195428,0.95,0.83,0.978733156,0.978733156,0.978733156,A,C,2,DESI-135.1103-02.4502,135.1103,-2.4502,B
2697966,33.34555003,-4.359536804,0.97,0.58,1.907986198,1.907986198,1.907986198,A,A,2,DESI-033.3456-04.3595,33.3456,-4.3595,C
2707608,143.8464546,-5.643544853,0.97,0.78,1.751798429,1.751798429,1.751798429,A,C,2,DESI-143.8465-05.6435,143.8465,-5.6435,C
2708405,341.0472875,-5.847201707,0.99,0.92,1.02075161,1.02075161,1.02075161,A,C,2,DESI-341.0473-05.8472,341.0473,-5.8472,A
2709707,167.0845836,-5.983365944,0.97,0.87,1.283776236,1.283776236,1.283776236,B,B,2,DESI-167.0846-05.9834,167.0846,-5.9834,C
2716761,37.519068,-7.079515157,0.99,0.89,0.57213032,0.57213032,0.57213032,A,C,2,DESI-037.5191-07.0795,37.5191,-7.0795,A
2718344,170.0846388,-7.313776669,0.95,0.81,1.757868112,1.757868112,1.757868112,B,B,2,DESI-170.0846-07.3138,170.0846,-7.3138,C
2718482,128.4730359,-7.351864258,0.97,0.83,1.220989232,1.220989232,1.220989232,A,C,2,DESI-128.4730-07.3519,128.473,-7.3519,A
2719850,173.0308529,-7.511947976,0.94,0.88,1.023442047,1.023442047,1.023442047,A,C,2,DESI-173.0309-07.5119,173.0309,-7.5119,A
2721654,202.0008693,-7.80295815,0.91,0.65,1.400566644,1.400566644,1.400566644,A,B,2,DESI-202.0009-07.8030,202.0009,-7.803,A
2721727,137.4945795,-7.817864776,0.99,0.87,0.81303854,0.81303854,0.81303854,A,C,2,DESI-137.4946-07.8179,137.4946,-7.8179,B
2728345,315.8707482,-8.847079489,0.99,0.62,0.946811269,0.79594269,0.87137698,A,C,3,DESI-315.8707-08.8470,315.8707,-8.847,B
2735101,21.31730736,-10.2081429,0.94,0.81,1.119811073,1.119811073,1.119811073,A,C,2,DESI-021.3173-10.2081,21.3173,-10.2081,A
2747586,345.4727646,-13.70823604,0.96,0.8,2.248983929,2.248983929,2.248983929,C,B,2,DESI-345.4728-13.7082,345.4728,-13.7082,C
2748270,333.8016508,-13.90818971,0.97,0.9,2.305974176,2.305974176,2.305974176,C,A,2,DESI-333.8017-13.9082,333.8017,-13.9082,C
2749842,65.6565783,-14.4666071,0.98,0.77,0.981682275,0.981682275,0.981682275,A,C,2,DESI-065.6566-14.4666,65.6566,-14.4666,A
2751051,65.68216775,-14.89066962,0.95,0.68,1.118123122,1.118123122,1.118123122,A,B,2,DESI-065.6822-14.8907,65.6822,-14.8907,A
2752566,14.32114648,-15.86527887,0.96,0.86,0.817789952,0.817789952,0.817789952,A,C,2,DESI-014.3211-15.8653,14.3211,-15.8653,B
2755497,38.10654078,-17.63306629,0.98,0.91,0.762209081,0.762209081,0.762209081,A,C,2,DESI-038.1065-17.6331,38.1065,-17.6331,B
2757770,13.13022922,-18.99224102,0.96,0.92,2.040383334,2.040383334,2.040383334,C,A,2,DESI-013.1302-18.9922,13.1302,-18.9922,B
2764390,51.45108467,-22.54086906,0.97,0.84,1.012182674,1.012182674,1.012182674,A,B,2,DESI-051.4511-22.5409,51.4511,-22.5409,B
2764845,43.57175943,-22.73130666,0.98,0.55,2.321900832,2.321900832,2.321900832,B,A,2,DESI-043.5718-22.7313,43.5718,-22.7313,C
2766889,35.52176806,-23.69584854,0.94,0.84,2.087486695,2.087486695,2.087486695,A,A,2,DESI-035.5218-23.6958,35.5218,-23.6958,C
2767525,70.98002746,-24.0571104,0.94,0.9,1.849038211,1.849038211,1.849038211,B,A,2,DESI-070.9800-24.0571,70.98,-24.0571,B
2768416,38.06546805,-24.49422384,0.98,0.65,1.438441054,1.438441054,1.438441054,A,C,2,DESI-038.0655-24.4942,38.0655,-24.4942,A
2771712,11.58385054,-26.12414511,0.94,0.9,1.969724787,1.969724787,1.969724787,B,A,2,DESI-011.5839-26.1241,11.5839,-26.1241,B
2775298,29.10394454,-27.85615308,0.93,0.92,1.499107089,1.499107089,1.499107089,A,A,2,DESI-029.1039-27.8562,29.1039,-27.8562,A
2776871,61.19215403,-28.60816807,0.98,0.9,0.556960951,0.556960951,0.556960951,A,C,2,DESI-061.1922-28.6082,61.1922,-28.6082,B
2779955,89.39790418,-29.9932379,0.98,0.74,0.809365194,0.809365194,0.809365194,A,C,2,DESI-089.3979-29.9932,89.3979,-29.9932,A
2782371,19.6680519,-31.26184608,0.97,0.82,1.001019466,1.001019466,1.001019466,A,C,2,DESI-019.6681-31.2618,19.6681,-31.2618,B
2782696,51.52849267,-31.3816321,0.94,0.9,1.427332741,1.427332741,1.427332741,A,A,2,DESI-051.5285-31.3816,51.5285,-31.3816,B
2790619,17.44283131,-35.49886853,0.98,0.74,0.714074569,0.714074569,0.714074569,B,C,2,DESI-017.4428-35.4989,17.4428,-35.4989,C
2790728,21.18085213,-35.60250129,0.97,0.9,0.588272542,0.588272542,0.588272542,A,C,2,DESI-021.1809-35.6025,21.1809,-35.6025,B
2797048,32.30466131,-38.69605718,0.92,0.85,1.230782069,1.230782069,1.230782069,A,B,2,DESI-032.3047-38.6961,32.3047,-38.6961,A
2799235,81.54696397,-39.56299595,0.97,0.82,1.411958373,1.411958373,1.411958373,A,A,2,DESI-081.5470-39.5630,81.547,-39.563,B
2799575,11.36654936,-39.62623496,0.97,0.85,1.141846094,1.141846094,1.141846094,A,C,2,DESI-011.3665-39.6262,11.3665,-39.6262,B
2799891,71.36380807,-39.72332537,0.92,0.66,1.24325565,1.24325565,1.24325565,A,B,2,DESI-071.3638-39.7233,71.3638,-39.7233,C
2803459,8.115347699,-40.77110573,0.97,0.72,1.097093001,1.097093001,1.097093001,B,C,2,DESI-008.1153-40.7711,8.1153,-40.7711,A
2806859,5.096991017,-41.77777822,0.95,0.76,1.49515032,1.49515032,1.49515032,A,C,2,DESI-005.0970-41.7778,5.097,-41.7778,A
2807488,345.6308835,-41.9156958,0.96,0.82,1.217596652,1.217596652,1.217596652,A,B,2,DESI-345.6309-41.9157,345.6309,-41.9157,C
2814165,93.98414674,-43.91603606,0.98,0.64,1.509806966,1.509806966,1.509806966,C,C,2,DESI-093.9841-43.9160,93.9841,-43.916,C
2814525,335.9684138,-44.10835485,0.97,0.9,1.133559465,1.133559465,1.133559465,B,C,2,DESI-335.9684-44.1084,335.9684,-44.1084,B
2819974,358.363538,-45.65194677,0.95,0.85,1.454024047,1.454024047,1.454024047,A,C,2,DESI-358.3635-45.6519,358.3635,-45.6519,C
2820748,358.7762998,-45.89295886,0.94,0.82,2.199627491,2.199627491,2.199627491,C,A,2,DESI-358.7763-45.8930,358.7763,-45.893,B
2821677,57.71456702,-46.18580768,0.98,0.9,1.30349334,1.30349334,1.30349334,A,C,2,DESI-057.7146-46.1858,57.7146,-46.1858,A
2829653,345.8750458,-48.74184618,0.97,0.81,2.251769839,2.251769839,2.251769839,A,C,2,DESI-345.8750-48.7418,345.875,-48.7418,C
2841088,359.6381862,-52.27908026,0.94,0.66,2.29108399,2.29108399,2.29108399,A,C,2,DESI-359.6382-52.2791,359.6382,-52.2791,A
2844983,79.79046061,-53.48793573,0.92,0.9,2.253784264,2.253784264,2.253784264,A,A,2,DESI-079.7905-53.4879,79.7905,-53.4879,B
2846525,327.5385742,-53.99610152,0.96,0.83,2.461436583,2.461436583,2.461436583,C,A,2,DESI-327.5386-53.9961,327.5386,-53.9961,C
2853783,58.80399402,-56.41482751,0.96,0.85,1.290446494,1.290446494,1.290446494,A,A,2,DESI-058.8040-56.4148,58.804,-56.4148,C
2855451,67.99408584,-57.07619117,0.97,0.83,0.916412771,0.916412771,0.916412771,A,B,2,DESI-067.9941-57.0762,67.9941,-57.0762,A
2876204,317.0739538,-62.29952904,0.88,0.75,1.346906754,1.346906754,1.346906754,A,C,2,DESI-317.0740-62.2995,317.074,-62.2995,A
2883880,348.3090935,-63.48285743,0.94,0.63,1.250616919,1.250616919,1.250616919,B,B,2,DESI-348.3091-63.4829,348.3091,-63.4829,C
2884228,21.00904804,-63.57879071,0.94,0.83,0.867746741,0.867746741,0.867746741,A,B,2,DESI-021.0090-63.5788,21.009,-63.5788,B
2886856,42.5785899,-64.10061246,0.97,0.75,1.665024041,1.665024041,1.665024041,A,A,2,DESI-042.5786-64.1006,42.5786,-64.1006,B
10037700,187.4441283,67.71476366,0.94,0.72,1.406330701,1.406330701,1.406330701,A,B,2,DESI-187.4441+67.7148,187.4441,67.7148,A
10119139,292.2538337,60.15701391,0.95,0.9,1.755396268,1.755396268,1.755396268,A,A,2,DESI-292.2554+60.1567,292.2554,60.1567,A
10136216,100.6529904,56.28639535,0.96,0.77,0.885565548,0.885565548,0.885565548,A,C,2,DESI-100.6530+56.2864,100.653,56.2864,A
10219070,278.8631993,50.35996527,0.9,0.74,1.034971014,1.034971014,1.034971014,B,B,2,DESI-278.8632+50.3600,278.8632,50.36,A
10227126,129.2062822,48.69780088,0.99,0.6,4.075474318,4.075474318,4.075474318,B,B,2,DESI-129.2063+48.6978,129.2063,48.6978,C
10232318,130.7395984,47.5621148,0.96,0.74,3.370593178,3.370593178,3.370593178,C,A,2,DESI-130.7396+47.5621,130.7396,47.5621,C
10339067,148.7285921,37.57219237,0.99,0.9,3.152341424,3.152341424,3.152341424,B,C,2,DESI-148.7286+37.5722,148.7286,37.5722,B
10417092,227.7910475,33.95059201,0.98,0.73,1.084451779,1.084451779,1.084451779,A,C,2,DESI-227.7910+33.9506,227.791,33.9506,A
10444864,347.0778166,32.02929208,0.96,0.7,2.63000091,2.63000091,2.63000091,A,A,2,DESI-347.0778+32.0293,347.0778,32.0293,A
10446316,250.7968614,31.93965043,0.98,0.6,2.331594583,2.331594583,2.331594583,A,C,2,DESI-250.7973+31.9388,250.7973,31.9388,C
10512534,238.1067352,30.15070724,0.98,0.93,1.243004534,1.243004534,1.243004534,A,B,2,DESI-238.1067+30.1507,238.1067,30.1507,A
10519627,241.5121372,29.01383776,0.99,0.94,3.432508175,3.432508175,3.432508175,A,A,2,DESI-241.5121+29.0138,241.5121,29.0138,B
10529398,140.0550162,27.40675754,0.91,0.7,0.782984654,0.782984654,0.782984654,B,C,2,DESI-140.0550+27.4068,140.055,27.4068,A
10529434,268.2061607,27.40004541,0.99,0.88,0.703898516,0.703898516,0.703898516,A,C,2,DESI-268.2062+27.4000,268.2062,27.4,A
10545741,123.6385455,24.76435891,0.98,0.86,1.285979997,1.285979997,1.285979997,A,B,2,DESI-123.6385+24.7644,123.6385,24.7644,B
10624262,16.072618,20.6180612,0.98,0.67,1.287409825,1.287409825,1.287409825,A,B,2,DESI-016.0726+20.6181,16.0726,20.6181,C
10631375,5.493797547,19.46455725,0.95,0.91,2.888634393,2.888634393,2.888634393,B,A,2,DESI-005.4938+19.4646,5.4938,19.4646,B
10721197,116.6481583,13.74017205,0.95,0.86,2.436938139,2.436938139,2.436938139,A,A,2,DESI-116.6482+13.7402,116.6482,13.7402,C
10812777,22.58593535,7.4211866,0.98,0.92,2.059008483,2.059008483,2.059008483,A,B,2,DESI-022.5859+07.4212,22.5859,7.4212,B
10818579,244.7060818,6.47676665,0.97,0.8,1.157864905,1.157864905,1.157864905,B,C,2,DESI-244.7061+06.4768,244.7061,6.4768,A
10827698,217.2308885,5.005791706,0.86,0.92,2.22921224,2.22921224,2.22921224,A,A,2,DESI-217.2309+05.0058,217.2309,5.0058,A
10837745,37.49246889,3.34197228,0.99,0.88,2.082121207,2.082121207,2.082121207,A,A,2,DESI-037.4925+03.3420,37.4925,3.342,A
10844276,314.4671739,2.29612602,0.94,0.59,1.160046034,1.160046034,1.160046034,A,B,2,DESI-314.4672+02.2961,314.4672,2.2961,B
10916098,70.04824127,-9.091177713,0.98,0.82,1.688514232,1.688514232,1.688514232,A,A,2,DESI-070.0482-09.0912,70.0482,-9.0912,A
10919637,40.68862603,-10.04922033,0.98,0.77,2.372954719,2.372954719,2.372954719,A,A,2,DESI-040.6886-10.0492,40.6886,-10.0492,C
10924112,60.5530491,-11.64181348,0.92,0.86,2.208979524,2.208979524,2.208979524,B,A,2,DESI-060.5530-11.6418,60.553,-11.6418,C
10930010,20.65695866,-13.73958783,0.97,0.64,0.982391529,0.982391529,0.982391529,B,C,2,DESI-020.6570-13.7396,20.657,-13.7396,A
10939420,85.7388455,-21.42608655,0.97,0.73,2.456644438,2.456644438,2.456644438,C,A,2,DESI-085.7388-21.4261,85.7388,-21.4261,B
10941564,12.27177894,-23.40948816,0.93,0.77,1.928102116,1.928102116,1.928102116,B,A,2,DESI-012.2718-23.4095,12.2718,-23.4095,C
10944064,76.55618687,-25.51347455,0.98,0.84,3.6802483,3.6802483,3.6802483,B,A,2,DESI-076.5562-25.5135,76.5562,-25.5135,B
10944342,48.40914035,-25.77525602,0.95,0.9,2.204414015,2.204414015,2.204414015,A,A,2,DESI-048.4091-25.7753,48.4091,-25.7753,B
11010519,47.37897997,-37.02808158,0.9,0.76,2.161221819,2.161221819,2.161221819,B,A,2,DESI-047.3790-37.0281,47.379,-37.0281,C
11020910,329.3068654,-42.03033701,0.9,0.66,1.803409434,1.803409434,1.803409434,A,C,2,DESI-329.3069-42.0303,329.3069,-42.0303,B
11030534,327.6195571,-46.88086135,0.91,0.85,2.408011694,2.408011694,2.408011694,B,A,2,DESI-327.6196-46.8809,327.6196,-46.8809,B
11039044,72.01531378,-51.21573742,0.95,0.88,2.631615012,2.631615012,2.631615012,B,C,2,DESI-072.0153-51.2157,72.0153,-51.2157,C
11111546,86.1276067,-59.37716263,0.98,0.81,1.252346219,1.252346219,1.252346219,A,C,2,DESI-086.1276-59.3772,86.1276,-59.3772,A
11116236,342.5327016,-60.78998018,0.92,0.66,1.984663155,1.984663155,1.984663155,C,A,2,DESI-342.5327-60.7900,342.5327,-60.79,C
11120009,54.78700909,-61.36245176,0.99,0.92,1.26208515,1.26208515,1.26208515,A,B,2,DESI-054.7870-61.3625,54.787,-61.3625,A
11316923,60.13302966,-64.73149807,0.96,0.69,1.072161586,1.072161586,1.072161586,A,C,2,DESI-060.1330-64.7315,60.133,-64.7315,A
11318620,50.39687673,-64.8327624,0.97,0.9,0.628662161,0.628662161,0.628662161,A,C,2,DESI-050.3969-64.8328,50.3969,-64.8328,C
11426150,37.74359622,-2.115577915,0.98,0.94,3.250758451,3.250758451,3.250758451,C,A,2,DESI-037.7436-02.1156,37.7436,-2.1156,C
11427860,18.34813959,-2.443179515,0.91,0.93,0.55306388,0.55306388,0.55306388,B,B,2,DESI-018.3481-02.4432,18.3481,-2.4432,A
11433768,168.1810223,-3.585982807,0.96,0.85,0.841744322,0.841744322,0.841744322,B,C,2,DESI-168.1810-03.5860,168.181,-3.586,B
11440757,316.7737496,-4.918421871,0.89,0.84,2.254427519,2.254427519,2.254427519,B,A,2,DESI-316.7737-04.9184,316.7737,-4.9184,C
11443444,62.07950238,-5.420494206,0.96,0.93,1.255494431,1.255494431,1.255494431,A,A,2,DESI-062.0795-05.4205,62.0795,-5.4205,B
